meter_id,X2018_7_1_1h,X2018_7_1_2h,X2018_7_1_3h,X2018_7_1_4h,X2018_7_1_5h,X2018_7_1_6h,X2018_7_1_7h,X2018_7_1_8h,X2018_7_1_9h,X2018_7_1_10h,X2018_7_1_11h,X2018_7_1_12h,X2018_7_1_13h,X2018_7_1_14h,X2018_7_1_15h,X2018_7_1_16h,X2018_7_1_17h,X2018_7_1_18h,X2018_7_1_19h,X2018_7_1_20h,X2018_7_1_21h,X2018_7_1_22h,X2018_7_1_23h,X2018_7_1_24h,X2018_7_1_d,X2018_7_2_d,X2018_7_3_d,X2018_7_4_d,X2018_7_5_d,X2018_7_6_d,X2018_7_7_d,X2018_7_8_d,X2018_7_9_d,X2018_7_10_d,X2018_7_m,X2018_8_m,X2018_9_m,X2018_10_m,X2018_11_m
NX1301,1.087592959,0.990799606,1.07292676,1.188617706,1.018613815,1.147947311,1.132182121,1.05862689,1.288079619,2.281443357,2.29103899,1.836275578,2.080068111,2.157280922,1.613294601,1.467351913,1.244300604,1.191802621,1.163963437,1.110293031,1.042403698,1.17732358,1.102709055,1.053857327,39.53733333,26.95166667,35.6105,35.06925,32.53,31.257,37.39266667,41.442,26.95166667,33.80433333,1076.0735,1065.578333,1047.141833,1069.408167,1041.679667
NX1302,0.2985,0.369,0.3825,0.369,0.327,0.326,0.2975,0.2905,0.297,0.3605,0.537,0.794,0.5855,0.5435,0.922,1.0455,0.919,0.8815,0.7915,0.8415,0.818,0.9605,0.748,0.695,14.70047321,12.77438393,9.46725,12.10266667,16.652,7.780011508,10.57758036,14.66829762,12.77438393,9.024333333,353.3222071,374.1511894,361.8947939,381.5907918,355.2016626
NX1303,0.259286642,0.259195447,0.278093755,0.251199365,0.267980486,0.255489349,0.364461839,0.366027802,0.331963003,0.315078437,0.308352232,0.348828703,0.36079973,0.327113569,0.351314187,0.339160293,0.375738919,0.364284903,0.403038591,0.435768694,0.392046779,0.415508956,0.390499353,0.353939444,7.0164375,7.597971825,5.95975,5.955238095,6.24960119,8.248593056,6.417934524,6.921625,7.203228869,5.95975,212.1563716,211.7653948,208.5217395,209.9345462,204.8162755
NX1304,0.378703415,0.356801331,0.336997122,0.368867636,0.311579525,0.334536761,0.268153369,0.272725224,0.272059828,0.300949186,0.274514228,0.261542827,0.326535076,0.334404826,0.23741284,0.246687382,0.273064554,0.312017918,0.332730561,0.391749114,0.43434608,0.46083951,0.465496302,0.431748241,6.834410714,7.790595238,6.6095,7.110333333,6.90475,8.166215873,6.5294375,6.834410714,7.790595238,6.6095,224.6007816,228.2273779,215.7166445,229.5190331,221.6099338
NX1305,0.211,0.201,0.192,0.188,0.189,0.182,0.1815,0.221,0.1975,0.288,0.4535,0.556,0.544,0.534,0.4545,0.4715,0.3405,0.4585,0.5145,0.2955,0.382,0.5535,0.522,0.3685,10.80489881,8.946584821,9.590666667,7.639,9.5965,13.61258631,7.716702381,10.80489881,8.946584821,9.308,304.0248889,307.8993353,298.3008641,296.8967341,296.6122401
NX1306,0.227032602,0.213331461,0.224064246,0.195284933,0.153083414,0.18419449,0.200653732,0.184543625,0.214970216,0.420798838,0.393149734,0.404230207,0.452551752,0.36443603,0.245402992,0.288932025,0.551370203,0.453658193,0.555946946,0.635593653,0.495698005,0.391174495,0.344814658,0.335632443,4.841154762,7.2925625,6.245,6.115,6.512666667,6.838695635,5.882821429,4.841154762,6.457708333,6.245,207.953075,198.3541734,199.0168798,203.8357075,198.116353
NX1307,0.476367474,0.504470468,0.569098651,0.472615302,0.414729208,0.348945707,0.445533544,0.458642244,0.477079928,0.579149246,0.668833315,0.537136137,0.618771076,0.634384692,0.729004383,0.78144002,0.841027558,0.709981561,0.712502301,0.531558514,0.616295397,0.725207388,0.71675545,0.69077754,10.19799554,10.58524107,9.4515,9.1975,8.806,13.46887976,10.3647619,10.12899107,11.58148214,10.687,322.5214198,316.4703308,306.2581393,315.1324891,316.0160782
NX1308,0.161163032,0.250929326,0.24433203,0.23623611,0.241106629,0.237746894,0.251963019,0.258101165,0.359532833,0.281089067,0.226317376,0.24036929,0.246308059,0.260879546,0.274939239,0.337927073,0.367677271,0.398767084,0.430137515,0.425097048,0.409308791,0.437158018,0.433342069,0.36302945,7.488464286,8.046285714,8.088666667,8.00525,7.409333333,8.797361012,7.539049107,7.488464286,8.046285714,8.4125,249.7937611,246.8051589,233.6711968,246.7272421,245.0206042
NX1309,0.114551723,0.147813961,0.202250481,0.178695932,0.159176096,0.177094683,0.163088068,0.188227549,0.203035504,0.190188318,0.243494734,0.2263152,0.277284116,0.266060621,0.232815206,0.204449803,0.177093297,0.193990424,0.192557186,0.183133125,0.171762332,0.281578988,0.296661466,0.277347952,5.016459821,4.47272619,4.46625,4.699333333,4.369,5.125929497,4.696142857,5.477279762,4.47272619,4.46625,149.4180243,148.0895063,148.5944687,149.0398606,144.767061
NX1310,0.12665391,0.179559454,0.231004566,0.240265369,0.253567994,0.244173288,0.327761948,0.400569797,0.286783189,0.185205683,0.083782196,0.064671457,0.246355131,0.264416009,0.286509126,0.26659897,0.233024448,0.328492403,0.427023321,0.398596555,0.330271363,0.276040912,0.230714202,0.223943517,6.748482143,8.234017857,6.379666667,6.983333333,7.326,7.341581746,6.870767857,6.826964286,7.410258929,6.916,218.3884245,217.6565907,210.8024584,221.2722048,214.5716979
NX1311,0.335725904,0.311969072,0.25053817,0.252592057,0.242967591,0.254926711,0.23369801,0.254600734,0.344010711,0.449818134,0.330505431,0.334632665,0.327721447,0.327179343,0.314672142,0.312386185,0.331644535,0.324474871,0.359352916,0.375399292,0.345241487,0.372410536,0.348944038,0.356581807,6.113616071,6.833583929,5.7335,5.672494048,5.717,6.428003075,5.9405625,6.087077381,6.648079762,6.0355,190.8484956,190.5440507,183.0470382,188.2404048,186.0468868
NX1312,0.173359111,0.18644926,0.177748963,0.182810232,0.176352024,0.180426061,0.194310054,0.18682006,0.179329589,0.188655823,0.175236627,0.187987715,0.184518918,0.189383686,0.195117667,0.184038609,0.225412145,0.202644974,0.195056155,0.177611545,0.200140551,0.189424053,0.1798051,0.182614371,5.6585,18.8955,18.80125,15.273,19.50575,19.579,4.521333333,4.883,19.142,18.80125,463.6213333,466.0151667,394.5668333,446.3928333,455.2631667
NX1313,0.251209915,0.263190776,0.276755273,0.274481565,0.268243819,0.21711722,0.198302835,0.241260201,0.315957129,0.313626349,0.283036947,0.317587882,0.311033159,0.318419784,0.312543571,0.325297624,0.435555398,0.482293844,0.469570875,0.410368532,0.372258604,0.301761836,0.275100917,0.277842522,7.029458333,8.094644643,6.94075,6.780761905,7.057428571,8.546154762,7.847683036,6.9786875,7.404920536,7.1045,235.3755403,235.1138107,232.32057,237.5233988,235.0879786
NX1314,0.314862078,0.405392423,0.263448278,0.153490665,0.143752492,0.164472861,0.093877839,0.106179697,0.140288485,0.129002178,0.163248016,0.431646011,0.133418251,0.179789133,0.247466481,0.251598216,0.311751545,0.232140573,0.257332386,0.297812745,0.354848772,0.380696731,0.476888469,0.350991531,6.404744048,5.918541667,4.01975,3.954,4.973333333,4.506444345,6.093276786,6.654058036,5.89490625,4.288,161.489428,165.553596,164.4783952,167.0706431,157.9288843
NX1315,0.293165863,0.300534666,0.347963721,0.268600166,0.372905791,0.392040104,0.308813423,0.279388011,0.372104764,0.394689173,0.24110584,0.21484527,0.22517471,0.282211602,0.338683248,0.239727378,0.301954448,0.473265111,0.553794026,0.570082963,0.481351078,0.484484762,0.517976284,0.501898229,9.222616071,10.68477976,9.095,9.54575,8.71625,9.714091667,9.263511905,9.222616071,10.68477976,9.933,293.804422,292.9218851,283.3022173,294.6722042,286.3222286
NX1316,0.361,0.164,0.452,0.439,0.444,0.435,0.437,0.463,0.537,0.789,0.456,0.806,0.499,0.77,0.565,0.706,0.547,0.601,0.746,0.531,0.581,0.518,0.493,0.438,13.53747321,12.3106875,8.575333333,10.609,10.21925,10.70358492,11.64202976,13.14348661,12.3106875,8.9155,355.4830902,356.9002364,349.5358015,348.9267003,336.9834387
NX1317,0.331133097,0.271363139,0.339703739,0.284008622,0.266564876,0.238539755,0.210852802,0.251894534,0.276083618,0.346273541,0.320109308,0.313110709,0.293279976,0.34150666,0.317737043,0.470921367,0.391804665,0.366331846,0.427625924,0.383006871,0.365533233,0.461758345,0.469975293,0.425233185,9.516529762,8.413695833,8.6425,8.712440476,7.82077381,10.90509385,7.3131875,9.516529762,8.413695833,8.519,264.4823267,267.8379419,253.4411474,271.9684461,255.5276694
NX1318,0.305098325,0.172900289,0.135033756,0.1437556,0.125483632,0.120361112,0.128503546,0.138690084,0.150073066,0.168569118,0.208938658,0.318124235,0.346864462,0.347442508,0.228592053,0.131814837,0.211398378,0.273103237,0.252165556,0.355954409,0.345825613,0.462159127,0.436500281,0.454524279,5.585669643,5.5396,5.2805,4.7455,4.4845,6.632372024,5.792,5.883584821,5.620730357,5.149333333,169.3143768,172.1647536,162.5540706,171.714095,168.5799738
NX1319,0.2585,0.202,0.2025,0.1765,0.1865,0.2075,0.233,0.2965,0.404,0.4135,0.3945,0.3645,0.345,0.3965,0.3785,0.3845,0.4065,0.463,0.4895,0.5085,0.518,0.506,0.4685,0.406,9.196303571,8.521352976,7.793,8.314071429,7.0495,9.077824504,8.868888393,9.202202381,8.824779167,7.773333333,263.219836,267.0189093,259.666823,265.2353052,259.2194786
NX1320,2.7505,2.959,2.722,2.647,2.7405,2.6905,2.601,2.777,3.399,4.6285,4.6995,4.886,5.33,5.1595,4.9735,5.0225,4.78,4.8105,4.885,4.9215,4.718,4.5135,3.0585,2.704,111.70125,102.6095,95.891,91.15133333,98.32025,126.1395,118.30075,111.70125,97.53725,101.1665,3340.866333,3377.014833,3370.9085,3350.736667,3255.572833
NX1321,0.330052197,0.385597646,0.37988472,0.375172675,0.34706986,0.34038493,0.274603933,0.304732621,0.401539981,0.450992376,0.389123619,0.490245283,0.433356375,0.396777928,0.476682454,0.361242592,0.385026067,0.489800721,0.420481414,0.563470602,0.59131664,0.607382834,0.504322529,0.570360124,8.296660714,9.778701587,9.3395,8.708370536,8.1305,10.99177649,9.5960625,8.73677381,9.778701587,8.8615,295.5940446,284.5434514,279.4272419,286.0868784,281.8719972
NX1322,0.091,0.103,0.112,0.117,0.112,0.116,0.104,0.131,0.335,0.317,0.335,0.217,0.29,0.29,0.333,0.294,0.253,0.32,0.348,0.385,0.306,0.159,0.119,0.119,4.841223214,5.889633929,5.352666667,4.8455,4.821,5.589230952,6.117464286,4.841223214,5.889633929,5.08975,171.1631494,172.1262238,168.5011792,175.0656381,170.3673458
NX1323,0.064666092,0.161636382,0.168774843,0.169611365,0.165683582,0.17353493,0.184464827,0.285425127,0.167669237,0.150019646,0.162100941,0.186048731,0.186926112,0.179444224,0.168170184,0.157579511,0.151623085,0.210037366,0.397944778,0.247438207,0.233349279,0.2713193,0.242866978,0.193870634,5.51596875,5.736825893,5.3065,5.317666667,5.219333333,6.169897884,5.362517857,5.568958333,6.392651786,5.3065,171.0130981,171.8917767,166.9333325,172.8194351,164.2524519
NX1324,0.099,0.079,0.079,0.078,0.075,0.078,0.079,0.089,0.154,1.982,4.038,4.225,4.346,4.142,3.876,4.058,3.917,3.209,2.011,0.178,0.305,0.208,0.171,0.145,38.91575,4.250333333,4.949666667,18.3345,4.9235,3.65025,21.91066667,36.439,4.250333333,5.683,458.061,480.6096667,558.5965,492.7453333,416.6958333
NX1325,0.397,0.379,0.361,0.317,0.303,0.313,0.361,0.422,0.436,0.399,0.37,0.314,0.291,0.312,0.353,0.312,0.323,0.41,0.455,0.467,0.451,0.538,0.531,0.455,9.855095238,10.44396369,10.25,6.955424107,7.91678125,9.474686376,10.3465,9.489642857,10.44396369,9.293,295.769797,300.4198779,280.6356708,295.6249631,286.1846471
NX1326,0.382006794,0.370421499,0.374294013,0.374522865,0.365001738,0.383786172,0.384761781,0.372114718,0.383134365,0.375445366,0.378071487,0.384219944,0.380236179,0.375773758,0.394586325,0.382735074,0.382401049,0.384244025,0.381345153,0.367578,0.365355134,0.383920491,0.388307899,0.37671867,9.685,15.9545,16.60466667,15.273,15.3355,15.4015,9.60325,9.833666667,15.9545,16.60466667,418.3768333,419.4598333,383.8111667,409.3475,416.0961667
NX1327,0.173,0.2285,0.239,0.23,0.198,0.28,0.309,0.3905,0.406,0.352,0.3395,0.3635,0.323,0.358,0.3445,0.336,0.2905,0.3575,0.432,0.407,0.3575,0.3365,0.29,0.2355,7.08064881,7.341928571,6.323333333,6.7045,6.9025,8.160682738,7.419848214,6.951473214,7.309892857,6.323333333,224.3629994,221.5726643,218.217681,220.6235786,221.3996621
NX1328,0.149719402,0.169003457,0.148929551,0.140842378,0.136492759,0.13468352,0.209400088,0.246089458,0.190618873,0.199116707,0.275476933,0.30666706,0.273045212,0.27365157,0.242448688,0.257729799,0.27007091,0.337415725,0.419998407,0.457872331,0.377803087,0.370668471,0.316435218,0.251175314,7.036880952,7.1019,6.31075,6.794200893,6.123827381,7.171699206,6.618,7.036880952,7.1019,6.31075,208.6138591,204.6431412,200.2946804,208.4157303,202.1381846
NX1329,0.152256876,0.176622719,0.178893596,0.150266305,0.167126983,0.187790021,0.250934124,0.340139508,0.257634014,0.193832085,0.195244566,0.190200001,0.170398518,0.187759891,0.172322765,0.182381868,0.250680119,0.247135714,0.303564757,0.299463987,0.297435492,0.322401702,0.28782022,0.308169842,5.8111875,6.325958333,6.47475,5.572,6.451,8.239259127,5.6979375,5.8111875,6.325958333,6.7,202.026495,202.8816501,188.3609917,198.0594591,195.9349892
NX1330,0.322929531,0.312682599,0.335374147,0.331048787,0.320990115,0.295429438,0.290574461,0.339004844,0.351960182,0.468880147,0.461325139,0.405777216,0.454340994,0.358479112,0.360036403,0.272017539,0.282621473,0.338831216,0.400449097,0.361790955,0.393214345,0.454599112,0.42298618,0.372882128,7.6198125,9.066879365,7.681,7.4475,7.467779762,8.005909524,7.409566964,7.6198125,8.749819048,7.507,252.3626994,248.129148,238.0011159,250.8012667,239.4642923
NX1331,0.313513219,0.315642446,0.291703135,0.290991068,0.288005173,0.327593893,0.318322092,0.394763231,0.389235646,0.561561406,0.396801054,0.146284372,0.171168521,0.214648634,0.277668774,0.292124808,0.367601663,0.364260197,0.32441026,0.2924335,0.282307476,0.361509442,0.370387465,0.387351751,7.229388889,8.140945833,6.272333333,6.969,6.066309524,8.453066931,7.09622619,7.136583333,8.140945833,6.484,222.5016782,222.6564958,218.6247019,221.6219663,221.2163467
NX1332,0.003,0.003,0.003,0.003,0.003,0.003,0.003,0.003,0.003,0.003,0.003,0.003,0.007,0.278,0.275,0.103,0.003,0.003,0.003,0.003,0.003,0.003,0.003,0.003,1.86,1.1105,1.395,1.369,1.1165,0.804666667,1.6345,1.86,1.11425,1.395,37.66583333,34.32933333,41.2965,40.128,32.87783333
NX1333,0.091876425,0.081888191,0.081432626,0.069987386,0.054023076,0.087613709,0.084215961,0.06440419,0.06264206,0.077552579,0.090040594,0.061621647,0.067024663,0.066161335,0.067257762,0.108042426,0.093121558,0.102388784,0.173190236,0.14804928,0.180209041,0.184338957,0.20450978,0.183066174,2.877860119,2.489688095,2.4105,2.154178571,2.409004464,2.38314709,3.96064881,2.90243006,2.489688095,2.4105,80.5459953,81.00014021,83.91061971,83.75158241,78.69721594
NX1334,0.131,0.153,0.162,0.152,0.156,0.147,0.152,0.237,0.384,0.523,0.383,0.353,0.309,0.304,0.26,0.273,0.254,0.295,0.288,0.227,0.264,0.232,0.243,0.184,9.177997024,8.15859127,8.2505,9.991452381,8.178363095,9.751991865,6.867754464,9.177997024,7.352693452,8.6285,275.2754093,270.3012192,260.6074896,277.7460874,262.5764672
NX1335,0.432272613,0.196901292,0.145872176,0.12829344,0.130944446,0.135879412,0.130534336,0.125892282,0.140407681,0.357309937,0.538270056,0.556689024,0.588581324,0.508343697,0.420731336,0.388540328,0.195398569,0.127037331,0.12145301,0.128978431,0.180416852,0.38784194,0.506081402,0.522781372,6.205566964,7.754379762,5.3675,4.5555,5.4255,5.893674206,4.785,6.205566964,6.942082738,5.64,182.2535296,179.6433694,182.6263662,184.1716342,175.5862306
NX1336,0.446798116,0.441969246,0.44103387,0.441592127,0.440245569,0.443605065,0.445773005,0.443838447,0.442773432,0.440862179,0.447069317,0.446607381,0.444635034,0.444139302,0.450046688,0.473162442,0.482557654,0.496871948,0.456666827,0.453980744,0.429476231,0.428904444,0.43960619,0.415183485,11.0335,10.16533333,12.95233333,12.441,24.03,19.052,8.1775,5.1165,10.16533333,12.95233333,479.6636667,459.3735,445.429,491.2628333,513.4175
NX1337,0.131211111,0.150797222,0.136678889,0.132556111,0.126785556,0.125192222,0.114424444,0.118481111,0.110610556,0.119372778,0.144638333,0.260863889,0.230316667,0.16221,0.141123889,0.156811111,0.183738333,0.229444444,0.174588889,0.264837222,0.304967778,0.309541111,0.26152,0.180504444,5.14278125,4.841184524,4.459,4.414666667,3.985,4.112724206,3.767125,5.1080625,5.413776786,4.48325,138.9461984,139.0585873,136.2444752,141.8986925,134.4892212
NX1338,0.171968907,0.193967596,0.173924446,0.184860587,0.16246213,0.167824641,0.107355222,0.143177524,0.16860655,0.18821907,0.306281775,0.267686635,0.266173899,0.226596519,0.255989313,0.287714392,0.261275589,0.279304534,0.284680575,0.263273537,0.274139464,0.239540115,0.256900489,0.258192688,2.969714286,4.05099881,3.462666667,3.711083333,3.780535714,3.541246032,3.01790625,3.087071429,3.849665079,3.3995,106.0830925,112.0218879,104.8057018,114.5530992,107.706324
NX1339,0.378783017,0.372469217,0.363760263,0.362778485,0.324738026,0.352690101,0.324545324,0.363935918,0.382446796,0.398161709,0.427745521,0.500297308,0.459328383,0.433351517,0.375285029,0.347405255,0.441833258,0.433294773,0.479714453,0.634213865,0.561014414,0.685012221,0.560339451,0.510990798,12.18959524,12.44849435,9.727333333,9.770589286,9.614236607,11.89229008,10.1851875,12.23639286,12.44849435,9.823,338.189311,339.3215291,338.4737804,335.9867511,321.8341714
NX1340,0.351078451,0.399411321,0.385368258,0.313586891,0.308697462,0.266357899,0.338938177,0.319795907,0.343498558,0.340855896,0.368135631,0.400536686,0.38004607,0.394615293,0.428475678,0.428089529,0.447424918,0.445612371,0.429828852,0.49089101,0.487107992,0.527362049,0.541890442,0.461390525,12.52752679,10.92045804,9.4045,9.99921875,8.479166667,10.44141766,9.110741071,11.40801786,12.83385357,8.5555,339.8872796,330.5978441,337.8721013,346.1829562,311.2709556
NX1341,0.291441172,0.294932663,0.267724037,0.260944545,0.271736681,0.267761827,0.290881664,0.35548237,0.437283427,0.459498525,0.404867947,0.330141753,0.277731866,0.276870221,0.242272943,0.259986758,0.225176156,0.229781955,0.307155311,0.476209462,0.513396561,0.556615949,0.472244561,0.425100029,8.0819375,10.25973214,8.5475,8.759666667,8.105,10.4198756,8.598598214,8.494291667,10.25973214,8.434,273.5458028,269.5653472,261.3174357,269.8160851,271.4681954
NX1342,0.18,0.176,0.158,0.193,0.182,0.187,0.168,0.237,0.191,0.19,0.204,0.196,0.209,0.217,0.21,0.181,0.181,0.208,0.263,0.257,0.256,0.295,0.293,0.294,5.286392857,7.530935714,6.24,7.610058036,6.416,5.448834524,5.8556875,5.286392857,7.530935714,6.75,203.9139179,216.4297137,202.0538187,209.3751349,201.1336294
NX1343,0.143670317,0.143346103,0.142163188,0.165497744,0.139313477,0.141022352,0.158712734,0.146706944,0.162614277,0.134573021,0.143632874,0.152520981,0.154708594,0.14756763,0.151860162,0.144840222,0.158128166,0.147783624,0.15311244,0.146704608,0.157603829,0.154856185,0.141151292,0.155931539,3.840666667,17.15033333,15.963,10.152,15.3875,15.5585,3.8265,3.840666667,17.15033333,15.23833333,384.943,373.5281667,324.9855,368.474,372.5096667
NX1344,0.405580729,0.401786,0.397838384,0.351393044,0.336345613,0.313619316,0.272081882,0.281902194,0.253210872,0.266132027,0.294989735,0.272402942,0.25731948,0.23633492,0.225877523,0.182972923,0.191516712,0.164178848,0.229115471,0.299637556,0.321391314,0.479454219,0.514352441,0.515565813,6.416392857,8.032850794,6.859,6.0815,6.326584821,6.352938095,6.6466875,6.416392857,8.032850794,6.540666667,210.5902095,210.4239512,197.477431,211.884571,202.7486028
NX1345,0.205338448,0.268526256,0.213672727,0.207210854,0.227676719,0.156941384,0.224726021,0.195144817,0.245867044,0.384365976,0.450912207,0.455402851,0.36356473,0.35022071,0.369889617,0.399407059,0.300003052,0.385468572,0.531973839,0.564042628,0.565951109,0.517067254,0.671093047,0.525227904,7.990013393,6.714285714,7.452333333,7.28675,6.794,7.293877976,7.829794643,7.990013393,6.530392857,7.197,239.6117778,247.9305079,240.7335228,243.3645625,233.0901647
NX1346,0.167565211,0.116568614,0.249632814,0.200371601,0.30422151,0.178408969,0.389281373,0.355005832,0.427582989,0.648772357,0.379488503,0.360907454,0.328665918,0.335624808,0.367166423,0.464115412,0.469702525,0.316558963,0.448789653,0.401001059,0.24687622,0.502984856,0.346226313,0.255426729,5.620607143,10.40525,5.29375,4.8575,5.1715,7.365799008,7.645946429,5.622553571,8.553166667,5.495,211.8838565,204.6545247,200.1337212,204.1151974,194.4171112
NX1347,0.330144554,0.391973674,0.339888483,0.352033615,0.379017651,0.296236217,0.262251824,0.260325968,0.256095231,0.38517946,0.303568184,0.290585339,0.24060151,0.222712293,0.344954729,0.375921011,0.327862024,0.429288328,0.460051566,0.54422605,0.541652858,0.467232645,0.507541418,0.543246031,8.191863095,8.269416964,6.64375,6.47672619,6.597308036,7.014021925,7.883415179,8.129647321,9.499601786,7.291,239.8052992,241.9624464,232.3312806,241.5448199,230.3301632
NX1348,0.191569726,0.238976998,0.307366274,0.283011697,0.300815373,0.23660757,0.225684055,0.28618921,0.23256116,0.265361417,0.299650821,0.342285411,0.313823268,0.215326989,0.234356736,0.216822649,0.222809726,0.195146883,0.166956653,0.176936976,0.146524828,0.218620941,0.208649848,0.214713724,6.120787202,7.827510119,6.659,6.307910714,6.471833333,6.939010053,6.970955357,6.494382937,7.827510119,6.71475,214.4910904,207.8189474,205.0547744,210.1642442,204.1575448
NX1349,0.2995,0.3195,0.293,0.2835,0.246,0.2525,0.27,0.2965,0.351,0.3405,0.392,0.4025,0.333,0.3185,0.3685,0.2985,0.3035,0.31,0.352,0.3915,0.4415,0.446,0.4405,0.4575,8.41834375,8.516111607,7.730333333,7.636,7.8525,9.74477004,7.604236607,8.305125,9.194223214,7.8035,256.5972096,258.1190868,250.0997319,256.6071233,246.8539946
NX1350,0.0775,0.068,0.0725,0.07,0.0705,0.0755,0.079,0.0705,0.0745,0.076,0.072,0.071,0.073,0.069,0.083,0.086,0.0835,0.0995,0.079,0.0745,0.069,0.077,0.0695,0.069,1.9625,6.0705,4.244333333,5.684666667,5.3335,6.7045,2.054666667,2.858,5.084,4.244333333,137.7505,146.558,122.972,140.544,141.1165
NX1351,0.882,0.8995,0.888,0.97,0.901,0.9255,1.0015,2.007,2.234,2.492,2.2245,2.3835,2.45,2.048,2.1145,1.9195,1.935,1.9705,1.9555,1.007,0.8635,0.966,0.8015,0.694,41.3165,38.9235,30.34,27.228,33.0085,41.7635,46.486,41.17266667,34.14725,30.34,1254.308333,1255.554333,1245.797833,1239.4635,1167.536667
NX1352,0.389840305,0.336522996,0.172863916,0.183550298,0.151446536,0.152272835,0.188777536,0.196281239,0.175353199,0.34823668,0.51411289,0.450140119,0.465320587,0.388489902,0.391307414,0.352549195,0.425367028,0.398080319,0.52474308,0.450263411,0.551298141,0.4970752,0.518438458,0.501465678,8.577348214,7.415154167,7.532333333,6.023166667,6.96064881,6.79627791,7.994559524,8.577348214,7.415154167,6.8055,237.6200894,230.7827788,230.2648271,236.5787181,225.3123257
NX1353,0.11,0.116,0.12,0.12,0.111,0.104,0.111,0.106,0.12,0.223,0.381,0.388,0.365,0.301,0.166,0.171,0.179,0.217,0.235,0.311,0.371,0.391,0.242,0.154,3.990660714,5.997477679,5.7175,7.8745,6.62325,6.747183995,6.331357143,4.962330357,5.997477679,3.978,194.7173705,206.0641862,191.4830623,194.0292111,209.8862978
NX1354,2.652244568,2.637248039,2.704843998,2.721726179,2.639022827,2.654124022,2.78645134,2.784204006,2.681948662,2.660320997,2.664413214,2.691557646,2.674986839,2.77878356,2.716674805,2.658003807,2.702877522,2.651796818,2.576956749,2.610693932,2.582112789,2.582287312,2.641237259,2.617994308,61.9135,59.0575,59.527,59.553,59.9975,62.3135,63.07733333,62.59333333,59.0575,59.83366667,1886.433667,1886.75,1840.545667,1888.559333,1825.408333
NX1355,0.198684022,0.38784951,0.217474416,0.19051373,0.162667513,0.211760685,0.187701017,0.343612224,0.423582673,0.474660605,0.550503492,0.404782534,0.313530326,0.323970705,0.274258912,0.171808511,0.203004941,0.218529895,0.226749331,0.294772178,0.307134897,0.348862231,0.431785017,0.390963882,8.740196429,8.96202381,7.01175,8.6425,6.3125,9.647056647,8.1580625,8.683797619,8.443517857,7.0515,252.2151643,258.9651843,246.5661535,257.4640129,247.1829158
NX1356,0.162,0.161,0.157,0.152,0.148,0.143,0.143,0.143,0.181,0.23,0.395,0.428,0.5,0.416,0.359,0.399,0.384,0.378,0.45,0.497,0.354,0.338,0.352,0.203,8.157839286,8.367269048,6.418333333,7.926616071,6.500547619,8.596139286,6.65989881,8.157839286,8.367269048,6.5865,245.4634992,241.877401,243.5811925,250.274445,231.4804837
NX1357,2.061120272,2.159340382,2.185057878,2.179622889,2.149171352,1.018596649,0.409965217,0.365848422,0.892145097,1.268514752,1.613024712,1.703874469,1.961787581,2.444502592,2.316684723,2.171058893,2.293769121,2.240006924,2.175789356,2.27591753,2.373994112,2.406836748,2.457387209,2.564851046,39.79725,47.403,36.714,45.859,41.289,46.776,49.578,52.2505,47.403,45.0995,1377.938833,1390.045333,1371.225667,1438.270667,1326.4045
NX1358,0.339016378,0.287923664,0.304847777,0.23660244,0.242849156,0.250753939,0.24125275,0.3141599,0.52588439,0.319985271,0.230120897,0.272608757,0.265542746,0.329497337,0.329262644,0.307075679,0.345086366,0.337247759,0.344464719,0.398398459,0.425069362,0.456258446,0.406844854,0.413055837,8.696955357,8.446425893,7.6095,7.456852679,7.471,9.955760847,9.17475,8.696955357,8.85990119,7.6095,271.1982612,266.6274134,266.5358524,273.7801187,262.2892811
NX1359,0.220193267,0.294610709,0.231577992,0.33735311,0.335636348,0.287927449,0.316433817,0.275360912,0.258934081,0.415902287,0.451584458,0.327367395,0.335592121,0.290526271,0.247115657,0.359903932,0.348319948,0.294065773,0.357079595,0.431710094,0.509814441,0.66715771,0.476895362,0.383703858,7.604154762,9.096345238,7.445666667,6.980147321,7.184928571,10.45345992,8.119428571,7.604154762,9.096345238,9.0435,265.0363749,272.2616903,260.9724679,260.3870773,259.3451465
NX1360,0.2718952,0.265176356,0.337439001,0.316760898,0.373176992,0.234656006,0.308370352,0.310963154,0.246256635,0.366575181,0.417289257,0.322608054,0.434950531,0.368530303,0.361159652,0.368065268,0.291016161,0.394542336,0.433090299,0.465439588,0.505842686,0.512899876,0.417656004,0.504579782,11.54646429,8.916686905,7.22175,7.511,6.335441964,7.402102381,6.884357143,11.75392857,8.58641627,7.22175,255.1029796,255.9968466,259.5035024,265.2974851,243.264373
NX1361,0.165506154,0.319383979,0.352538824,0.230499148,0.189896658,0.176983476,0.183951676,0.207266912,0.220432714,0.241862655,0.283537805,0.268970281,0.31252113,0.223503023,0.217186168,0.176319599,0.170990855,0.187892556,0.160551235,0.317615032,0.351312667,0.396363318,0.386398494,0.354740262,6.306529762,4.976996131,4.49875,4.491386905,4.1115,5.48522381,4.173535714,6.327647321,5.177328175,4.49875,154.0867988,155.6652873,152.1263655,153.3013506,150.7182744
NX1362,0.231837586,0.218247399,0.206325561,0.224961281,0.219483003,0.199905157,0.201670185,0.213706017,0.258445412,0.453574926,0.582536101,0.523524106,0.507755041,0.303404659,0.289220542,0.267872572,0.348427802,0.501531005,0.630929112,0.699561059,0.701779246,0.722292423,0.552579343,0.276656449,11.94717857,8.88216756,7.5685,7.796625,7.635526786,11.50597282,10.88533036,12.70526786,8.88216756,7.502,293.6226706,302.4978918,314.3364813,307.0683384,292.0609658
NX1363,0.254933298,0.297439784,0.306203574,0.305756986,0.308175683,0.331912458,0.32187885,0.31865558,0.396397054,0.395399332,0.349089324,0.29703778,0.326723397,0.291206211,0.303185523,0.281879306,0.268382072,0.304252356,0.473455012,0.46162647,0.428858995,0.443829626,0.388667107,0.339125633,8.440272321,8.643637698,6.8325,7.138522321,7.343,9.310995503,7.9625,8.440272321,8.61887619,7.013,244.302055,246.4520873,244.8563243,246.6439454,244.7975042
NX1364,0.452,0.469,0.405,0.362,0.366,0.364,0.34,0.358,0.349,0.377,0.425,0.445,0.477,0.563,0.555,0.54,0.64,0.643,0.659,0.641,0.665,0.651,0.556,0.507,13.28232143,14.10108571,11.86975,12.287,13.278,14.53566336,12.97999554,13.28232143,14.96313571,11.905,416.5741597,427.3667688,416.1105248,421.0737571,399.7838464
NX1365,0.261192858,0.259520531,0.244342387,0.231929138,0.273448765,0.263427705,0.265212029,0.29106912,0.210774645,0.24487929,0.217220575,0.256092042,0.207963526,0.257193476,0.328656226,0.267596781,0.19592613,0.25936076,0.292259693,0.309080482,0.419558585,0.383045673,0.539502859,0.319260061,5.586321429,6.02785119,5.311,6.0635,5.1145,6.26483373,6.1249375,5.602095238,6.263276786,5.123,181.2871616,179.0200235,177.2643907,184.051556,173.6698919
NX1366,0.025,0.016,0.016,0.016,0.016,0.016,0.017,0.06,0.048,0.038,0.035,0.041,0.07,0.037,0.033,0.038,0.037,0.043,0.05,0.058,0.057,0.059,0.056,0.038,0.848223214,0.796044643,0.603666667,0.729,0.7035,0.835433929,0.739875,0.749111607,0.796044643,0.603666667,27.4704619,26.72406429,26.03562857,27.33656667,26.41786131
NX1367,0.194,0.211,0.201,0.215,0.233,0.218,0.21,0.224,0.396,0.458,0.515,0.42,0.453,0.409,0.43,0.452,0.48,0.524,0.564,0.536,0.455,0.526,0.508,0.434,9.622794643,8.807758929,7.77875,8.534,9.0625,9.880364881,9.3500625,9.622794643,8.807758929,7.62,266.9009931,270.6776268,263.0025786,269.7955575,259.7015524
NX1368,0.323285714,0.240571429,0.197857143,0.197714286,0.206142857,0.188714286,0.176714286,0.226571429,0.264,0.379142857,0.295714286,0.362857143,0.352571429,0.259714286,0.269142857,0.266428571,0.252857143,0.227,0.294571429,0.435857143,0.453,0.481285714,0.576142857,0.508571429,6.679017857,6.524785714,5.749333333,6.6965,7.052,8.123907738,6.13889881,6.374678571,6.767589286,5.94675,221.3988343,222.2666667,218.2317798,216.6743482,213.2384613
NX1369,0.491,0.3365,0.3325,0.3065,0.3415,0.3175,0.339,0.3275,0.338,0.3325,0.328,0.3235,0.3525,0.338,0.337,0.32,0.38,0.473,0.474,0.4625,0.4755,0.4665,0.4795,0.4615,9.616,16.29725,15.7585,16.307,18.0255,16.46466667,18.007,9.728,17.444,15.86133333,500.83,508.3748333,467.3488333,497.5043333,496.8185
NX1370,0.072996289,0.131497651,0.124306604,0.132407457,0.12333104,0.129097015,0.132775843,0.196373641,0.349614024,0.293696404,0.223168761,0.299635261,0.334384263,0.26389569,0.162037402,0.198125884,0.225042492,0.37539506,0.446136057,0.41839084,0.391900301,0.521476388,0.542051673,0.157967031,5.636035714,5.729727679,5.377,5.78,6.1355,7.070684921,5.504294643,5.636035714,6.197455357,5.4175,185.1258448,188.9160879,179.8385089,187.258748,184.1335587
NX1371,15.73959351,0.862767756,1.113111019,0.971152067,0.788349926,1.027769327,0.736945748,0.825183153,5.863816738,18.97099113,18.71860886,17.85050201,17.78829002,18.245121,19.18287277,19.11112213,19.43721962,18.65468597,18.84628677,18.86551857,18.28514481,18.45516586,18.7559948,18.83948135,252.255,261.2855,294.12525,259.07375,277.7363333,282.52525,299.6803333,252.255,308.9835,293.2496667,8959.282,9004.103333,8502.1325,8888.147,8725.162833
NX1372,0.31785059,0.326240391,0.322038174,0.330742806,0.315258622,0.335257173,0.317387521,0.331152409,0.32236439,0.324422807,0.30243668,0.316946805,0.316824436,0.296651274,0.319531202,0.31752038,0.316646785,0.323393464,0.317593992,0.317617655,0.312028497,0.346918344,0.315348715,0.325509012,7.938333333,32.03533333,33.7745,29.273,31.47875,29.16,8.007,7.938333333,32.03533333,29.64725,803.6243333,825.1323333,662.2283333,792.0081667,812.5103333
NX1373,0.278405994,0.297624081,0.271133602,0.236251369,0.284403026,0.276499867,0.355582148,0.353720784,0.329949886,0.260582894,0.28518939,0.23807919,0.289339215,0.259124517,0.252964437,0.301162302,0.326637387,0.326537609,0.398215026,0.422343522,0.399018347,0.387291729,0.379412562,0.35455665,5.587883929,6.460196429,5.19375,4.953285714,4.970857143,7.059817262,5.7626875,5.519845238,6.29014881,5.19375,179.9544764,183.7707185,173.7321248,178.8315847,172.3740357
NX1374,0.57358125,0.46060625,0.419127917,0.401884583,0.332291667,0.297789375,0.28253125,0.296379167,0.3075025,0.376973542,0.511497083,0.559591458,0.508874792,0.470157708,0.449338333,0.391827917,0.392386458,0.443508958,0.479267917,0.585879583,0.550777917,0.555837708,0.520794375,0.555387083,11.26588393,12.71716944,11.08166667,10.35989286,12.274,13.0535745,10.2954375,11.16625595,12.7124506,11.3765,365.4742951,371.6405401,354.6157991,369.9376821,359.5727622
NX1375,6.142018318,6.103025913,5.97192955,5.950220108,5.999392986,5.880717754,5.461905479,5.761593342,5.86871624,6.082561493,6.108207226,6.025840759,6.187867165,6.099926472,6.171468735,6.201955795,6.065419674,6.278096676,6.203041077,6.32198143,6.319832802,6.137624741,6.013934612,6.21100235,147.3615,149.4355,143.8575,143.025,141.8215,143.96575,151.0355,148.636,149.4355,145.263,4554.217333,4572.520667,4466.14,4566.651667,4415.041167
NX1376,0.144242331,0.284983099,0.281876683,0.19672668,0.219992593,0.186799049,0.287145436,0.297933578,0.225539625,0.302333415,0.367827177,0.475131273,0.982326269,0.52761656,0.295726299,0.272027284,0.364380658,0.203312203,0.232306391,0.185886636,0.46089232,0.918159127,0.457502961,0.392088383,8.659633929,10.30433036,8.515,9.1215,8.213,10.88622282,9.1706875,8.337566964,8.547915179,8.018,315.0615099,301.7358397,288.3318728,306.6099147,292.9728876
NX1377,0.274,0.297,0.275,0.27,0.27,0.267,0.282,0.241,0.304,0.275,0.259,0.243,0.286,0.269,0.257,0.283,0.279,0.227,0.287,0.266,0.274,0.272,0.274,0.271,7.666333333,18.6405,20.12775,17.2705,19.0275,19.017,17.06275,7.498,18.75233333,19.796,532.0833333,521.5135,472.2038333,516.4138333,519.0483333
NX1378,0.194139406,0.152175948,0.152437612,0.151915297,0.141599402,0.157644168,0.153425097,0.164712638,0.160469696,0.221989602,0.238831043,0.18520391,0.179193527,0.179507017,0.207857952,0.207878917,0.202375993,0.2546435,0.284796417,0.377567291,0.31349811,0.297727555,0.209114462,0.170844719,6.261129464,6.232690476,6.3975,6.156,7.529,6.848373115,5.475758929,6.261129464,6.251517857,6.3975,199.0015427,199.2001071,185.7416878,195.8153148,193.6212687
NX1379,0.121520266,0.091958463,0.128341854,0.093362637,0.132007495,0.111900985,0.134175226,0.112333149,0.091157429,0.13190648,0.162715092,0.149912536,0.205955818,0.200735047,0.188699305,0.150348023,0.1158586,0.131261304,0.150265738,0.17299296,0.180372342,0.218131632,0.191623285,0.159620106,3.502949405,4.11342619,3.466,4.407517857,3.7225,4.262248214,3.823200893,3.54996627,4.225778175,3.466,113.842328,113.9930573,109.8654355,116.2126871,114.2048653
NX1380,0.174456676,0.189000243,0.173134584,0.166698036,0.164912624,0.160624586,0.174863341,0.258564533,0.213561973,0.19881684,0.187367866,0.205689715,0.201408784,0.306503664,0.26909382,0.259833745,0.348035732,0.333458817,0.362107526,0.452439351,0.445263452,0.422565659,0.355383933,0.318859038,6.986440476,10.02351786,8.5365,7.975,9.48475,9.341983532,7.7870625,7.209160714,10.02351786,7.636,268.7891631,268.9109958,254.6877757,268.0522377,260.029305
NX1381,0.213778645,0.22709313,0.215353191,0.22574839,0.233187765,0.298894405,0.313099653,0.458698034,0.393923938,0.366987407,0.227186948,0.196915552,0.253533483,0.244920313,0.198047817,0.222363263,0.240661323,0.262150407,0.350912184,0.555343747,0.44534263,0.483374387,0.367686421,0.266113162,9.794107143,9.232279762,7.569,8.5665,6.615745536,8.495655357,7.551875,9.200080357,9.232279762,7.6975,265.5655274,271.7567417,265.3218667,271.6573262,256.4287345
NX1382,0.174017981,0.234997392,0.238435328,0.113483228,0.103970438,0.087637201,0.062638946,0.067934893,0.090601087,0.181983173,0.219770104,0.278605521,0.273575842,0.216750294,0.169800207,0.242313072,0.232634217,0.208527341,0.174051374,0.196571231,0.176645726,0.174365669,0.131739318,0.093740173,3.870166667,3.411111607,3.029,3.733666667,3.567666667,3.522652116,3.570517857,3.88225,3.56214881,2.902666667,106.8036644,111.203582,109.1868849,110.638244,105.1588853
NX1383,0.23424682,0.300510705,0.268512666,0.266779453,0.267197192,0.267763525,0.233521923,0.287289023,0.327938974,0.342406511,0.332565337,0.240110368,0.217202619,0.256000161,0.271822155,0.264459133,0.288954169,0.323040545,0.320346773,0.335403383,0.355196685,0.360610068,0.35680899,0.338362187,7.2223125,7.932142857,6.771333333,6.831970238,6.488035714,7.115638624,8.7985,7.55640625,7.920678571,7.025,223.5246766,228.4889454,221.6138454,222.4526673,215.6695792
NX1384,0.336246366,0.3252266,0.321146525,0.256207444,0.226344931,0.198905248,0.191088571,0.214318743,0.262303629,0.255154723,0.260538493,0.258809307,0.266713266,0.33249145,0.377381948,0.246283682,0.247218734,0.240319351,0.225017465,0.370498676,0.372544843,0.404640581,0.445714346,0.508406541,10.00998214,10.71588839,8.877,9.37425,10.9575,13.32658968,9.79864881,9.395491071,12.59777679,8.198,353.4468909,356.1952532,332.8891331,363.2133518,357.8636393
NX1385,0.116372302,0.160383716,0.146249741,0.15277715,0.141785115,0.133129939,0.185774028,0.173115179,0.16152963,0.162968606,0.234463573,0.265077323,0.254053742,0.22930482,0.205941662,0.210955158,0.320304066,0.373392612,0.424331635,0.389333069,0.372686356,0.328088433,0.280522197,0.192444935,6.543325893,5.423330952,4.844,5.985,4.5575,6.932478968,6.4159375,6.964151786,5.423330952,4.844,187.0214982,184.0128813,186.118956,184.4713097,178.8612368
NX1386,0.195714667,0.162172139,0.216674849,0.202519625,0.244893894,0.260906965,0.175773397,0.176344737,0.157844633,0.163893327,0.192818582,0.135870606,0.161243483,0.143566296,0.190674797,0.176190406,0.158755094,0.235525623,0.16258274,0.176513836,0.168304622,0.300393641,0.498166919,0.459368587,8.390602679,9.780488095,7.223,7.288089286,7.28885119,9.47280377,7.554334821,8.884205357,10.019,7.223,234.3613859,242.6502044,239.2623797,241.9408446,232.9864687
NX1387,0.169546515,0.190951154,0.202185959,0.16849561,0.22156933,0.209230348,0.19419536,0.28308481,0.377166241,0.449560225,0.384936154,0.321019292,0.309473157,0.276023775,0.261511028,0.246068388,0.272635013,0.317025691,0.510428846,0.431832194,0.39304477,0.300808758,0.240747154,0.20712705,7.473392857,7.273693452,6.5005,6.217,6.292,7.961572222,7.555370536,7.473392857,7.273693452,6.5005,216.4071049,216.9296269,211.2276733,213.6116086,209.6149787
NX1388,0.218423098,0.264724433,0.187697604,0.162579179,0.205473602,0.295185417,0.362936974,0.366390586,0.298971891,0.293609381,0.256132096,0.236918658,0.214840651,0.186042666,0.197191566,0.136645511,0.223564327,0.20581463,0.217748314,0.29085952,0.33642742,0.310816199,0.277287364,0.246746093,7.453803571,8.05172619,7.3645,7.578315476,7.903,9.290331052,7.212636905,6.945202381,10.03568452,7.3645,252.3308196,253.790177,236.4299171,253.1960137,243.7079438
NX1389,0.110456064,0.092705913,0.10238041,0.103259631,0.109204635,0.114084333,0.11455626,0.177838743,0.251463085,0.224525079,0.138730735,0.095105998,0.070199937,0.082012877,0.091245338,0.101822674,0.106791481,0.201021418,0.279840916,0.270879209,0.272823513,0.235565424,0.23732847,0.172529623,4.986160714,5.304753869,3.9965,4.270178571,4.533,4.916451389,4.619352679,4.795107143,5.304753869,3.952666667,145.3503683,143.2930769,139.1980709,144.4961845,137.1477468
NX1390,0.213942036,0.233421192,0.227641508,0.225073516,0.253493339,0.316295832,0.388838857,0.500070214,0.399265617,0.248164713,0.210704267,0.314124614,0.348930418,0.349399239,0.334255904,0.381953716,0.376984298,0.394636929,0.402860433,0.41520527,0.348141849,0.424216837,0.417202741,0.402546078,7.607651786,7.855696429,7.692,7.072,7.6175,8.955769312,7.401690476,7.607651786,8.338928571,7.47725,241.1954648,243.8060339,231.6772312,241.6441315,238.3342966
NX1391,0.472650677,0.551113427,0.486712575,0.443351477,0.371790588,0.351435989,0.306364536,0.33413136,0.310316861,0.349385858,0.379070699,0.41964674,0.441205293,0.467980146,0.402685046,0.464509159,0.458911002,0.450564831,0.522613227,0.536268353,0.610009372,0.709664941,0.635277808,0.592302561,11.34082937,15.58014881,12.9025,11.768,11.3115,12.09855701,11.39268452,11.37474405,15.58014881,12.30933333,389.3481642,385.7971317,366.4304718,393.3212318,372.4488787
NX1392,0.432892114,0.441764235,0.260601312,0.217238262,0.173867121,0.163997412,0.183871046,0.263612628,0.260526806,0.361638188,0.381200135,0.394612461,0.307670653,0.269663274,0.203052208,0.20295012,0.291236639,0.381261736,0.49695605,0.570033431,0.587414503,0.574061036,0.577791512,0.543470085,10.06280357,6.717894643,5.978,6.146102679,5.8825,8.764451786,9.6024375,10.06280357,6.717894643,6.6405,246.4598738,250.4295595,246.8934262,249.091175,233.3535452
NX1393,0.332817942,0.292726547,0.264657766,0.278795123,0.253875464,0.264879227,0.233770922,0.27780509,0.283347905,0.288547546,0.280012488,0.191956788,0.192700624,0.273939639,0.484767824,0.36867857,0.420471609,0.473236084,0.462703645,0.442577064,0.554626942,0.590895832,0.499346286,0.387812585,8.772491071,9.379670238,7.9905,8.913,8.737366071,9.778339021,9.257970238,8.772491071,9.383524206,8.17225,277.0073577,288.8254811,273.9866685,284.4326083,275.0206993
NX1394,0.1235,0.124,0.124,0.124,0.124,0.1235,0.1235,0.166,2.878,4.2025,6.988,9.758,14.965,13.2085,6.878,4.4465,3.4995,3.0955,2.043,2.2375,2.085,1.822,0.595,0.1325,127.8153333,56.24625,66.102,111.7556667,60.929,71.226,25.01875,127.8153333,56.41366667,61.52425,2337.734333,2335.084333,2401.874167,2407.419,2175.642833
NX1395,2.417015401,2.277803967,2.05848872,2.144173979,2.23271668,2.072873315,2.054876077,4.160712825,6.591164291,5.861799176,5.476470362,5.92525888,6.426948082,7.843345121,7.016721742,5.931315906,6.26185676,5.189697415,5.69635566,3.699741212,2.198190684,2.101785684,2.04296292,2.087985908,114.161,47.919,67.63666667,63.93766667,60.22,97.3135,122.416,108.9583333,47.919,67.63666667,2524.3825,2560.838333,2668.900833,2587.0065,2467.129667
NX1396,0.23261714,0.211008176,0.160125464,0.148198783,0.131052315,0.141095951,0.146823883,0.162204206,0.241951063,0.358714163,0.388662696,0.392616451,0.403662145,0.376158059,0.373583913,0.349633694,0.361599654,0.372902453,0.430853158,0.465660393,0.406354457,0.393102348,0.387255222,0.324409544,7.148738095,8.729480357,7.21175,7.252196429,6.798011905,8.147073214,7.2943125,7.148738095,8.59724881,7.656,238.3888339,236.1548792,227.680778,238.7745851,234.8894167
NX1397,0.068674609,0.142322704,0.137510136,0.127753422,0.12434531,0.123709939,0.127041191,0.271426946,0.373458564,0.351421863,0.280795425,0.200217187,0.147468597,0.107915334,0.09170977,0.148568034,0.172622502,0.232467651,0.423839539,0.52933383,0.490375817,0.418372989,0.342675149,0.344572395,5.395263393,6.646342857,5.8505,5.933901786,4.94897619,6.919675397,5.732125,5.575026786,6.946292857,5.8505,191.9722974,191.8363825,181.7123788,192.9878991,184.6165659
NX1398,0.332479851,0.321370503,0.330771396,0.327337606,0.335004831,0.3284506,0.330492489,0.328072926,0.336147342,0.33601538,0.355527237,1.192594934,3.716814468,4.637057925,4.895710177,5.056166664,4.901077972,5.175973491,3.534931065,3.286490005,1.363646071,0.33794689,0.347133967,0.342376716,34.419,52.452,52.12866667,44.412,44.77125,28.7165,8.4195,39.9205,52.452,49.336,1311.1615,1235.2275,1117.8245,1252.434,1197.127
NX1399,0.231457047,0.276524815,0.233276322,0.224205551,0.211977274,0.226085705,0.260816855,0.337800504,0.331513643,0.267204026,0.32804729,0.331856006,0.351791859,0.269750273,0.314182314,0.30018878,0.302685027,0.385463765,0.418765054,0.398123319,0.327560511,0.36359965,0.310065792,0.293727755,8.40739881,9.613044048,7.91425,8.6245,6.937279762,11.37448016,8.519940476,8.40739881,9.613044048,7.91425,278.0412153,286.5617328,267.1396729,287.3977742,269.6520303
NX1400,0.239180803,0.125457287,0.152357519,0.178313136,0.231117472,0.182689235,0.330700219,0.54394275,0.37385565,0.279362291,0.299461424,0.51650703,0.457966924,0.403406888,0.316798061,0.261403859,0.236769751,0.351904809,0.422590852,0.428537071,0.355553687,0.556111932,0.593392372,0.538686812,8.483059524,8.358767857,6.35325,7.04275,8.752333333,9.060953869,7.645026786,7.874589286,8.374845238,6.748333333,246.3110883,265.0328988,244.0595377,260.4321964,249.0438046
NX1401,0.730874002,0.591643274,0.539855897,0.428632855,0.419252932,0.488782763,0.420491248,0.381839961,0.549404442,1.045644522,1.065309525,1.051203251,0.912052274,0.986415505,0.929635286,0.651438832,0.423668593,0.928241611,0.832097173,1.265087008,1.082009435,1.029249072,1.105748415,0.995068967,10.65419643,14.20759881,12.903,12.89593304,11.382,13.6936922,10.8796875,10.65419643,13.90654048,12.903,386.4593797,411.5201906,362.3080343,385.1572991,393.1927416
NX1402,0.176571429,0.154142857,0.186,0.166285714,0.177714286,0.169,0.240285714,0.448,0.441142857,0.300571429,0.242,0.21,0.209285714,0.356142857,0.421142857,0.336142857,0.406428571,0.496,0.514,0.512857143,0.361,0.266,0.225571429,0.164428571,6.773138393,8.788330357,6.86775,5.939035714,6.028,7.986965179,8.25775,6.773138393,8.849440476,7.3515,232.660128,231.514594,227.0121845,234.5762524,230.4441542
NX1403,0.574376106,0.468139052,0.372251332,0.454021156,0.616435528,0.745064914,0.410263658,0.449160486,0.495265275,0.512800395,0.333556414,0.348578274,0.328433275,0.32112816,0.331678152,0.335088968,0.339087278,0.374684751,0.355520636,0.342020005,0.511058509,0.420677781,0.355597854,0.334997505,9.212348214,13.91480327,11.2285,11.11648661,10.46391667,13.7747506,9.92822619,9.212348214,13.91480327,11.2285,353.6362669,349.5959308,334.3195605,343.5543262,349.3877685
NX1404,0.039,0.038994,0.038997333,0.039,0.038999333,0.039,0.038997333,0.039,0.039,0.039002,0.038998667,0.039,0.063092667,5.327754667,5.245424,0.856378667,0.039,0.039011333,0.038992667,0.038991333,0.038999333,0.038995333,0.038999333,0.038998,13.11033333,0.931,0.9325,0.9795,2.0925,4.26525,10.76666667,13.11033333,0.931,1.2575,148.019,148.859,196.4195,162.6786667,125.0568333
NX1405,0.255465,0.256745,0.253535,0.248115,0.2504,0.24676,0.255095,0.270465,0.248365,0.23831,0.239895,0.254015,0.247155,0.250095,0.27419,0.318455,0.291795,0.287035,0.331025,0.435605,0.53577,0.509665,0.522065,0.2532,7.020333333,30.1545,24.67,17.54966667,27.3745,26.79,7.8505,6.68825,25.96166667,24.67,632.2153333,633.3118333,564.6736667,643.5415,654.2311667
NX1406,0.194201601,0.146500906,0.126226726,0.093083006,0.100190746,0.096325709,0.109146887,0.094659735,0.123000283,0.054661954,0.086622407,0.214027059,0.203242313,0.192476706,0.212647451,0.21471345,0.181617956,0.172125258,0.18192829,0.159388649,0.1466282,0.199827806,0.228451788,0.247565666,5.516928571,6.712577381,8.192,6.97325,5.609666667,8.318093056,5.2205625,5.019619048,6.894866071,8.192,202.4587983,202.6382997,184.8244339,200.9962217,193.3408176
NX1407,0.255,0.225,0.209,0.2,0.21,0.201,0.201,0.2,0.196,0.392,0.46,0.489,0.507,0.482,0.439,0.522,0.594,0.638,0.658,0.645,0.592,0.608,0.445,0.287,10.34791667,8.438154762,7.632,7.785910714,7.353,8.389055357,10.1175,10.24183333,8.526388889,8.405,273.8802032,272.8791389,270.1182339,272.2226036,255.6409528
NX1408,0.073,0.064,0.074,0.086,0.086,0.067,0.078,0.0635,0.0745,0.4005,3.5465,4.1245,3.6365,2.4635,1.4825,1.0405,0.08,0.096,0.105,0.0985,0.078,0.0825,0.0825,0.1055,14.759,3.544,4.51725,3.207,4.35825,4.61,8.158,14.98425,3.228,4.51725,191.1761667,209.9803333,229.4185,218.0386667,198.1261667
NX1409,0.324,0.308,0.257,0.238,0.192,0.232,0.236,0.455,0.312,0.312,0.333,0.362,0.373,0.335,0.361,0.334,0.396,0.516,0.403,0.422,0.458,0.399,0.446,0.433,9.367232143,7.998232143,7.146,8.033,7.624,8.148845767,7.796857143,9.159488095,7.627366071,6.9905,250.7464837,249.5503413,248.0813862,249.3296165,239.9333489
NX1410,0.178535,0.188985,0.1709175,0.17675,0.17912,0.194345,0.16506625,0.1752775,0.1977375,0.172425,0.17442125,0.20120375,0.1789325,0.16281125,0.20765125,0.17994625,0.1722525,0.20089,0.19464,0.1781625,0.173335,0.20280375,0.17818375,0.1766225,4.3205,16.8475,5.4425,14.5525,9.667666667,9.894,19.4745,4.3205,13.01,5.4425,370.7301667,377.823,350.6593333,378.5078333,363.1166667
NX1411,0.095576942,0.161648244,0.150536552,0.156230524,0.152370811,0.173700333,0.1521402,0.178801179,0.132585302,0.128177404,0.132908568,0.16914627,0.193121195,0.175690636,0.164044887,0.153762892,0.180531174,0.174372047,0.187363103,0.182124645,0.194926053,0.217581242,0.20381245,0.1844192,3.790428571,4.047955357,3.79625,3.728666667,3.25175,4.077526455,3.88789881,3.579357143,3.859227679,3.79625,115.4836283,114.7253747,107.3753929,115.8804563,110.0020675
NX1412,0.127,0.154,0.134,0.115,0.098,0.094,0.107,0.093,0.096,0.125,0.144,0.207,0.237,0.191,0.168,0.184,0.182,0.201,0.198,0.219,0.21,0.22,0.214,0.221,4.261116071,4.863991071,4.94775,3.9515,4.0215,5.613684722,5.5893125,4.261116071,5.166988095,5.418,154.6725349,150.1831089,148.6221665,149.6253598,151.9401236
NX1413,0.225151539,0.23760207,0.205090553,0.204534426,0.14704062,0.172884375,0.177627534,0.14158164,0.161564082,0.199120104,0.217414156,0.23972863,0.227653176,0.194155186,0.252548724,0.214426547,0.244354501,0.291406035,0.346870899,0.29657197,0.300752163,0.312763602,0.299786866,0.260572553,5.842690476,4.527428571,4.05725,4.7575,4.16425,5.183959788,4.485040179,5.569767857,4.527428571,3.870333333,155.4179052,152.156557,157.8254,150.4289515,149.8632839
NX1414,0.136576347,0.126115569,0.122963174,0.104966766,0.108726048,0.101400299,0.114793713,0.223384431,0.241501796,0.245570359,0.247541018,0.220245808,0.211413772,0.239636826,0.201470659,0.198147904,0.196236527,0.259532036,0.298551497,0.300041617,0.305818263,0.285659281,0.236073952,0.197747904,5.245626984,6.428509524,5.428333333,4.711,5.2825,7.465886508,7.075125,5.245626984,5.926382143,5.428333333,186.6144693,197.9501901,181.9675474,186.6509856,180.8227454
NX1415,0.285685003,0.389497936,0.433980256,0.382819831,0.409077793,0.382083029,0.449808478,0.450936764,0.631380677,0.421851337,0.431212187,0.305352509,0.4083727,0.201992616,0.274597347,0.31517747,0.329273283,0.423829436,0.501773,0.428358972,0.52020365,0.429845035,0.377162099,0.285517424,6.012285714,3.175392857,2.8155,3.6185,2.77325,3.158575298,7.125227679,5.829714286,3.388190476,2.5775,130.0471883,136.7037446,142.3943917,137.1589367,127.7631841
NX1416,0.182219565,0.164658472,0.158679694,0.156233057,0.188722879,0.164078921,0.194059044,0.197984427,0.250257641,0.230369255,0.287789792,0.178115368,0.182210431,0.274192959,0.293330222,0.293301731,0.311778486,0.365403026,0.399932861,0.383993387,0.383595645,0.280023664,0.18986401,0.166341886,4.525821429,4.858934524,4.14625,4.36325,4.14,5.453259722,4.7595,4.460660714,4.804200893,4.14625,143.8300799,145.1872257,141.0196062,146.3674143,142.7234104
NX1417,0.2,0.223,0.2125,0.2035,0.2055,0.211,0.2235,0.2335,0.265,0.2865,0.3,0.353,0.317,0.28,0.274,0.324,0.3065,0.308,0.331,0.302,0.363,0.357,0.3485,0.279,11.36308036,9.726995536,6.50825,11.3655,7.982,7.419674008,9.741375,11.56105357,12.58799107,6.599666667,278.41062,278.9848998,276.9537464,285.7229013,272.2554815
NX1418,0.208,0.236,0.237,0.228,0.23,0.247,0.223,0.246,0.296,0.353,0.397,0.363,0.457,0.377,0.356,0.262,0.323,0.383,0.497,0.597,0.494,0.433,0.345,0.263,8.082922619,9.416321429,8.38475,9.696,8.159,11.68029921,9.040779762,8.082922619,8.958910714,8.448666667,288.9499141,292.6732416,281.7647014,285.6134676,288.3428251
NX1419,0.7085,0.7715,0.7275,0.688,0.6945,0.6645,0.6955,1.685,2.842,3.3995,3.6765,4.218,3.2365,3.4945,4.284,4.6715,4.676,3.9085,3.7225,3.5575,3.1,2.9925,1.979,0.954,81.131,67.98475,60.068,72.335,69.625,73.1555,45.865,73.571,71.96066667,59.95333333,2245.598667,2268.433667,2128.825,2224.352167,2111.479333
NX1420,0.29434858,0.293600568,0.285136932,0.271625852,0.274330966,0.292701989,0.286941761,0.328549716,0.406840909,0.394012784,0.373452557,0.384998011,0.429723011,0.45916392,0.404560511,0.391424432,0.399091761,0.369328693,0.423159091,0.468853693,0.43680483,0.401571591,0.398797443,0.341511648,9.422696429,10.24517173,9.279333333,8.473428571,8.5345,10.53723968,9.028200893,9.422696429,10.58222897,9.2065,291.5380313,297.1263185,291.9918063,297.655644,285.3526099
NX1421,0.1505,0.299,0.3005,0.3025,0.2965,0.294,0.295,0.4625,0.363,0.3395,0.3285,0.385,0.3895,0.394,0.358,0.46,0.567,0.6055,0.6765,0.5135,0.4435,0.408,0.4765,0.4425,9.693339286,11.92029464,14.323,10.36,9.995666667,10.51827288,9.02925,9.693339286,13.39739286,16.06033333,402.9427257,391.3871341,363.6076405,390.087293,387.6374637
NX1422,0.429471544,0.331548921,0.298861829,0.245938045,0.269448592,0.325032023,0.25694801,0.285349742,0.393863171,0.43957048,0.395910263,0.271805742,0.250596084,0.358231634,0.373436648,0.174774885,0.135244802,0.635639466,0.473844453,0.597796503,0.715313478,0.596692641,0.553544744,0.157689604,5.393491071,7.624198214,8.536,10.232,7.386,7.859529365,7.7238125,5.393491071,7.328380357,7.60675,269.8223649,273.8053636,247.6593923,244.0312196,273.2792205
NX1423,0.242,0.214,0.181,0.173,0.192,0.219,0.293,0.363,0.405,0.424,0.414,0.451,0.419,0.405,0.337,0.412,0.446,0.489,0.494,0.335,0.447,0.524,0.498,0.354,11.15516667,11.26532143,10.1145,9.1475,9.9015,12.45166687,11.206,11.257375,13.25864286,10.30133333,348.9969017,356.1727315,334.8608856,355.1528643,332.0926675
NX1424,0.1805,0.193611111,0.182888889,0.184666667,0.188111111,0.1795,0.180722222,0.199666667,0.172888889,0.189833333,0.191444444,0.173388889,0.193722222,0.1785,0.180277778,0.1985,0.179666667,0.187055556,0.187055556,0.177222222,0.193222222,0.191666667,0.180277778,0.193277778,4.4045,9.184333333,9.35475,6.6985,9.338666667,9.461,4.532,4.4045,8.828,9.4125,244.463,238.568,214.1185,237.208,235.3283333
NX1425,0.2345,0.131,0.1185,0.1325,0.1425,0.5025,0.523,0.5155,0.553,0.6065,0.6005,0.593,0.571,0.644,0.6055,0.581,0.5465,0.5295,0.5,0.66,0.555,0.472,0.4425,0.1845,11.099,11.6605,11.5375,11.2485,11.4685,11.48325,11.9095,11.13633333,11.6605,11.5375,354.9765,355.3713333,343.7135,355.2228333,343.8098333
NX1426,0.5065,0.419,0.329,0.2515,0.242,0.256,0.2455,0.332,0.2935,0.2085,0.218,0.2065,0.2075,0.204,0.2005,0.202,0.2145,0.222,0.24,0.275,0.2855,0.494,0.595,0.6365,9.988848214,10.71151994,11.12775,10.01513095,8.676620536,10.1842172,9.103464286,10.18989881,11.88341488,10.83,343.1757541,337.0570104,323.8887966,329.1922759,321.0027663
NX1427,0.317069232,0.376309454,0.258752435,0.189904451,0.142185658,0.151574254,0.18213439,0.147368938,0.141279548,0.202290326,0.237622082,0.433660746,0.310650498,0.278485328,0.214978501,0.182924896,0.175882697,0.122376248,0.178355813,0.286762387,0.271560758,0.366537571,0.382933378,0.334688663,7.0441875,8.969761905,5.959,7.1645,6.74475,6.986888757,7.29403125,7.012125,8.910642857,5.6865,221.2461826,222.4289878,214.7354237,221.7936822,220.4688161
NX1428,0.143140808,0.186794072,0.128408939,0.147243857,0.145155653,0.146983817,0.161521852,0.146383688,0.171859428,0.142325833,0.181553483,0.119124517,0.164116248,0.133976668,0.14995119,0.126062572,0.179159373,0.18685475,0.198650479,0.278784871,0.31983307,0.341783613,0.306510687,0.31803304,4.473955357,7.118687698,6.47925,4.4995,3.503,5.780705754,4.410299107,4.785727679,7.183265774,6.47925,137.2285557,138.251903,138.4202076,145.2958369,150.0385986
NX1429,0.20117645,0.2769804,0.211296648,0.217106804,0.163696691,0.223574772,0.263768196,0.188773245,0.249376476,0.370390296,0.638898253,0.622808933,0.636701107,0.610729575,0.583628356,0.677749991,0.64329195,0.848729491,0.795838594,0.859441042,0.791195989,0.857136011,0.515200257,0.35911113,11.02314286,11.08332917,7.675333333,10.0165,11.682,14.26092937,11.1520119,11.02314286,10.31319137,7.537,342.5861202,365.193636,351.104203,354.2394605,343.0334322
NX1430,0.21430853,0.202392176,0.218870133,0.220354348,0.17724973,0.200133562,0.198250398,0.261661232,0.296234906,0.297235072,0.25352326,0.230848581,0.170468658,0.172743231,0.192802206,0.156405032,0.16685915,0.198664606,0.222332656,0.211513311,0.218767241,0.26976943,0.265677631,0.24992758,4.281077381,5.105904762,5.115,4.7465,5.437,6.067248677,4.999625,4.238616071,5.105904762,4.805,159.2760347,159.7940976,146.9521845,159.331463,155.9778591
NX1431,0.21585019,0.317346103,0.336120363,0.325308644,0.330799056,0.487744213,0.501977848,0.517993218,0.524350948,0.556033147,0.563129487,0.569024128,0.521318342,0.575486212,0.570374745,0.588222074,0.60745327,0.539249714,0.556182981,0.549110054,0.527013682,0.508190119,0.48085718,0.309045186,11.666,11.86933333,11.6,11.48733333,11.219,11.337,11.672,11.63066667,11.86675,11.6,356.5305,356.6935,346.1835,357.8698333,344.3185
NX1432,0.166822985,0.182384223,0.172086328,0.141923934,0.143872008,0.122135006,0.234228164,0.261793435,0.264110416,0.284262359,0.294927657,0.136384189,0.235532895,0.289815813,0.297342747,0.318025738,0.322702974,0.508150816,0.567676902,0.532329381,0.544017732,0.371694684,0.197967187,0.250426233,7.8274375,8.546800595,7.363666667,7.051946429,7.232879464,8.852415873,7.7261875,7.902291667,8.546800595,7.863,253.8859807,256.7930505,243.3372335,255.3430918,249.4006189
NX1433,0.668758392,0.478329927,0.52814889,0.498572379,0.466530055,0.561279893,0.573522866,0.574456871,0.570778251,0.628760874,0.598186493,0.53735137,0.540905714,0.599657714,0.586355627,0.541862667,0.470420718,0.431371391,0.347106934,0.500781715,0.721734524,0.636172891,0.718399525,0.724271655,10.78784821,10.81116071,11.80433333,10.891,12.73075,12.5440291,14.187875,11.45569643,13.40774107,13.901,389.3351491,396.8115936,377.9644038,378.8034421,370.4819544
NX1434,0.311825454,0.317821294,0.281751841,0.185967803,0.229641974,0.196417004,0.29399398,0.195100456,0.200279444,0.400075436,0.618135631,0.428850085,0.458871007,0.33812201,0.425886273,0.571990609,0.495505184,0.529609084,0.458995759,0.437201142,0.745895863,0.524098039,0.350417286,0.559916019,6.951625,8.547241071,9.8305,8.25375,9.3105,11.85233373,7.7095625,6.951625,8.020494048,9.059,274.6002509,291.6539335,261.8181632,281.1633901,283.5626447
NX1435,0.599538624,0.461752355,0.399215549,0.326276958,0.399403393,0.464880109,0.532185853,0.46805644,0.529418111,0.623740792,0.683076918,0.601707757,0.609847486,0.475629151,0.519639134,0.474892586,0.506483078,0.574645519,0.52816087,0.428171694,0.438948393,0.361384302,0.360857278,0.228797734,7.518071429,7.319204762,5.6295,7.26021875,5.929044643,7.107237798,6.495008929,7.144607143,7.463110714,5.3155,199.5944254,198.9332571,199.1423992,200.4014083,202.8206135
NX1436,2.650051761,0.752264499,0.407740542,0.48030375,0.409386389,0.401466877,0.342738522,0.449845481,0.446748045,0.632559539,2.492656624,4.604837814,5.772894078,4.925425919,5.474843934,5.199861812,4.898892958,3.937622996,3.734418973,3.78854702,3.212042887,3.684124008,4.229894673,2.85650268,80.41433333,89.38533333,108.79,101.454,75.1,104.174,139.3866667,80.6235,96,108.79,3165.650667,3116.16,3117.607,3062.665,2994.3285
NX1437,0.121340029,0.09330833,0.119771667,0.118914761,0.125263944,0.125176951,0.123464122,0.122552961,0.129788667,0.124150261,0.132371023,0.159412906,0.221750945,0.342997372,0.519299984,0.610640705,0.714118779,0.635751784,0.453634292,0.228629932,0.154457569,0.133709982,0.108266741,0.121075325,5.735,7.699,7.77325,7.26775,7.47975,4.813333333,2.96175,5.8965,7.848333333,7.77325,196.4046667,191.48,179.8976667,193.2268333,187.7463333
NX1438,0.34733122,0.305158572,0.273874108,0.206056574,0.228323729,0.227368671,0.281413161,0.182356655,0.287567384,0.502800204,0.452688398,0.330550589,0.263005667,0.225137482,0.187282635,0.258581708,0.24425741,0.306540554,0.404234874,0.385737648,0.461010775,0.40117119,0.386526469,0.302073179,6.467522321,4.761177381,4.067,4.683934524,4.233,5.257173016,6.713297619,6.387363095,4.540969444,3.824,166.5502786,171.4224254,169.4345903,167.9810758,161.118552
NX1439,0.151,0.145571429,0.148714286,0.177,0.141571429,0.178571429,0.296142857,0.159857143,0.141571429,0.164714286,0.209285714,0.227714286,0.242285714,0.162571429,0.219857143,0.180142857,0.159857143,0.184142857,0.276857143,0.2,0.183285714,0.183142857,0.146285714,0.143285714,4.248258929,4.288957143,3.515,3.6715,3.5525,3.804678571,3.804357143,4.193678571,4.311691667,3.626,120.4185548,118.959503,119.3487435,120.7533583,115.8867625
NX1440,0.184940249,0.171601251,0.166479751,0.178959802,0.162745446,0.168672308,0.164397314,0.164568484,0.172890872,0.184982657,0.167247415,0.175223604,0.169980258,0.167676479,0.184103847,0.155427098,0.168886617,0.171623826,0.159491435,0.17157495,0.156166509,0.160511613,0.175097972,0.163668513,4.78375,17.014,12.284,11.19975,12.45966667,12.571,4.76725,4.906333333,17.014,12.19466667,360.9721667,360.725,301.4948333,360.103,358.2948333
NX1441,1.037885547,1.464097857,1.388401628,1.435124397,1.283338547,1.234544635,1.27024281,1.364165783,1.649870157,1.842310429,2.321716785,1.349567533,1.410394669,2.045828104,2.310165405,2.502624035,1.729994774,1.802818894,1.971110225,1.783963919,2.046523333,1.599598169,1.532826424,1.46591568,117.487,40.537,113.6313333,105.06625,110.8846667,106.4805,93.13425,107.792,40.537,121.788,3041.202167,3160.363833,3039.594833,2986.7875,3134.015
NX1442,0.410965919,0.324054122,0.344532311,0.333071619,0.245380431,0.234713152,0.245375976,0.378657967,0.383361936,0.356740952,0.512527704,0.458750933,0.531958103,0.573312044,0.645448744,0.605903208,0.482908309,0.625322521,0.581944883,0.569376409,0.574137747,0.569811165,0.514038682,0.342183381,7.533357143,6.4819375,6.447333333,6.617666667,8.6075,8.506852646,7.893755952,7.533357143,6.4819375,6.19225,250.8660206,261.8651939,258.5998815,253.2781828,246.6303926
NX1443,0.006196054,0.007346883,0.009063181,0.008854876,0.009140943,0.009268877,0.008961197,0.009442107,0.009544592,0.009391814,0.009137301,0.008696519,0.008660992,0.00897605,0.008968214,0.008487748,0.008632354,0.008995235,0.008724097,0.008403255,0.006374469,0.008602236,0.008176783,0.008026258,1.630632143,1.180715476,1.223228571,1.186840476,0.937985714,1.32814375,0.511491667,1.630632143,1.667573214,1.223228571,38.68750853,41.37915377,38.78406349,40.70205456,36.49621091
NX1444,0.19222929,0.192200657,0.159940659,0.151588475,0.14381907,0.145865978,0.138955845,0.13914334,0.187401678,0.292836298,0.255965524,0.165993036,0.133200781,0.129436026,0.138688921,0.14135133,0.13416322,0.169739245,0.157903072,0.146475462,0.172856854,0.226988722,0.248352557,0.273052697,4.75502381,4.426334821,4.062666667,4.12375,3.906,4.828743386,4.875821429,4.75502381,4.642169643,4.1165,135.4747765,137.9565618,134.4368684,138.133213,135.5504332
NX1445,0.239,0.25,0.243,0.242,0.24,0.267,0.261,0.247,0.25,0.256,0.25,0.263,0.259,0.265,0.273,0.26,0.356,0.257,0.255,0.256,0.254,0.245,0.255,0.254,4.17125,28.663,26.912,24.63433333,31.2225,23.055,5.1715,4.121666667,28.663,26.912,754.7813333,711.6088333,592.3441667,704.8328333,758.1688333
NX1446,0.149,0.152,0.1525,0.1535,0.146,0.1505,0.1565,0.151,0.146,0.1845,0.3175,0.241,0.2415,0.202,0.222,0.214,0.22,0.2275,0.319,0.291,0.315,0.356,0.2705,0.1995,5.589571429,5.856083333,5.393666667,5.2025,5.527,6.782710913,5.8996875,5.587428571,5.919625,5.393666667,178.0501241,179.4724013,174.8492368,176.4381257,172.9545907
NX1447,0.239259273,0.315018654,0.318725586,0.317475587,0.317696601,0.300576806,0.313807577,0.307766497,0.320200682,0.335592657,0.393445551,0.404190034,0.408184052,0.326633662,0.315104514,0.333161205,0.341379941,0.363993406,0.402038783,0.383596838,0.399685681,0.438287169,0.445164621,0.391771615,8.378736607,7.974758929,7.51975,7.8515,7.424666667,8.78708621,8.1539375,8.40864881,8.924517857,7.46,252.3370448,248.8935063,245.1108216,251.5291114,243.9274267
NX1448,17.30253601,16.73480988,14.82896614,12.36925602,11.10552025,8.21493721,6.32178545,6.015892506,6.263543129,6.71330452,7.154363155,7.456193924,8.782455444,10.22521687,14.12568378,17.02980042,20.35660553,21.99188232,21.48659515,19.54611969,18.79046059,18.93072701,17.21269798,14.72156715,347.1495,271.5115,277.275,267.7485,268.6235,295.322,359.7026667,343.7263333,271.5115,277.275,9327.183667,9291.581333,9237.195667,9361.1305,8971.998333
NX1449,0.122526564,0.139912039,0.151720032,0.145662576,0.169975638,0.1591295,0.158609286,0.196793452,0.277601004,0.451570928,0.378380358,0.373346865,0.394724607,0.434384257,0.417439014,0.441695035,0.443188965,0.544368923,0.554111004,0.526513457,0.455784798,0.412802458,0.365047425,0.268238544,7.382845238,8.066010317,6.436,7.743,7.791,7.782246825,5.66025,7.621883929,8.066010317,6.9675,230.0815679,238.0469282,227.6297014,236.8064956,227.3180905
NX1450,0.104097895,0.177465051,0.176178396,0.139039785,0.16265209,0.145127505,0.133581981,0.136503249,0.193051517,0.21831581,0.267109841,0.237799764,0.240516812,0.249012172,0.245646581,0.290264696,0.226920694,0.292495131,0.338723183,0.346001267,0.330850095,0.257897317,0.254957736,0.220372856,4.414952381,5.241080357,5.0505,4.9235,4.814333333,4.80275744,4.705049107,4.505714286,5.241080357,5.0505,152.0005188,152.7016825,145.2330704,151.2310595,145.5443681
NX1451,0.109756157,0.201908752,0.177130654,0.179261282,0.16292052,0.221986741,0.220044792,0.131416589,0.310626954,0.4237414,0.504934847,0.389706075,0.348506302,0.266481817,0.340894043,0.366814464,0.493041575,0.535539329,0.581327081,0.564717531,0.600345552,0.606450975,0.378364116,0.340974599,8.575455357,10.14194643,7.409333333,7.30675,8.146333333,10.18286138,7.418797619,7.684227679,8.645223214,7.4655,274.0047384,271.0651508,265.886462,276.0657354,271.4685292
NX1452,0.184390962,0.114341937,0.110260598,0.132985115,0.113463446,0.129669636,0.101001531,0.088500991,0.1917862,0.298444957,0.471459389,0.414846957,0.227247775,0.164710104,0.166824996,0.131676346,0.184836328,0.164865911,0.30902642,0.416338861,0.332425773,0.360818803,0.312850773,0.302926183,4.792116071,6.23271875,6.236,6.768666667,5.1025,6.388365476,6.648375,4.792116071,6.7004375,6.62475,190.6767925,198.6841175,179.0350496,199.8595851,181.4873796
NX1453,0.121714286,0.141428571,0.157428571,0.155142857,0.159952381,0.157333333,0.183333333,0.153047619,0.252380952,0.181761905,0.144095238,0.122952381,0.140190476,0.123333333,0.128190476,0.133857143,0.135,0.197904762,0.247714286,0.21847619,0.215809524,0.263904762,0.241857143,0.245428571,4.551741071,4.46827381,4.6855,4.918,4.483333333,6.02616131,4.8828125,4.551741071,4.736955357,5.048333333,151.2301282,150.96633,144.5197873,152.73262,147.4069966
NX1454,0.44257319,0.299297869,0.257082045,0.233641386,0.2492221,0.243083239,0.267742783,0.347098947,0.450254411,0.403820693,0.462279022,0.371162534,0.263390601,0.511115789,0.502390563,0.384190023,0.38116613,0.34286043,0.405796587,0.548978925,0.657298923,0.606997848,0.638207018,0.520563066,10.71073214,10.14293244,10.128,10.442,9.776,9.652967725,10.18534375,10.31136607,10.56490992,9.593,339.416248,341.074791,326.1357169,341.0470683,321.0042745
NX1455,0.006,0.006,0.006,0.006,0.006,0.006,0.006,0.006,0.006,0.006,0.0055,0.006,0.006,0.006,0.006,0.006,0.006,0.006,0.006,0.006,0.006,0.006,0.006,0.006,0.142333333,0.141,0.141,0.140333333,0.1415,0.141,0.14175,0.142333333,0.141,0.141,4.3735,4.373,4.2445,4.375333333,4.232333333
NX1456,0.691862941,0.447623014,0.477186829,0.459457844,0.349727601,0.410491228,0.370464444,0.358372152,0.365235895,0.610621512,0.789566755,0.95319885,0.823797047,0.783295751,0.804720283,0.624316871,0.306231678,0.673364222,0.882271707,0.960402906,0.802134156,0.965717971,0.862471759,0.794405341,15.15722817,13.55760089,12.23175,12.3095,11.70315179,18.01127917,15.40385268,15.15722817,14.05146786,12.23175,441.0373228,442.3633712,442.665228,450.4989218,425.6232282
NX1457,0.171427548,0.089030579,0.132394075,0.147160769,0.108267844,0.120342158,0.120116487,0.117744252,0.10764277,0.116303906,0.107178859,0.365692765,0.346396595,0.250685394,0.301041275,0.210396886,0.180298775,0.180707753,0.222646639,0.374308765,0.242346406,0.30565685,0.306146026,0.217663854,4.114571429,6.804416667,4.509333333,3.665,5.54325,6.19936164,4.79,4.114571429,7.537625,4.749,170.826693,174.0559259,163.473943,166.7035017,169.9770041
NX1458,0.339,0.267,0.25,0.145,0.091,0.083,0.097,0.076,0.074,0.07,0.115,0.198,0.074,0.079,0.074,0.073,0.129,0.305,0.263,0.13,0.083,0.102,0.13,0.13,5.077285714,5.178276786,3.4645,5.029,6.456666667,3.460525265,6.878366071,4.150571429,3.871517857,3.605333333,166.2447319,158.3862319,154.3865034,154.840958,149.213086
NX1459,0.247549936,0.252549499,0.225410774,0.226703703,0.217823505,0.215150282,0.26075238,0.296230793,0.361128867,0.461924583,0.41454196,0.421918601,0.413838983,0.383842438,0.326503158,0.27024439,0.255633563,0.285028517,0.298449814,0.422453344,0.461296111,0.484834015,0.447619677,0.347428739,8.036803571,9.259709524,7.7205,7.448566964,7.724611607,9.034283036,7.613839286,8.036803571,9.277377778,7.865333333,263.0870938,262.4495633,254.8289075,264.6461845,253.7745202
NX1460,0.319521212,0.307540152,0.310691162,0.313205051,0.31459697,0.308044444,0.307045202,0.308275505,0.312602525,0.31220404,0.305386616,0.31490202,0.321216667,0.318450758,0.317636111,0.327043182,0.325202525,0.327575505,0.322278535,0.320183586,0.31605,0.314632828,0.311580556,0.319937374,7.974333333,18.9785,19.072,18.567,21.279,19.4515,12.9475,7.8735,20.053,19.072,513.2895,523.9815,449.2423333,500.9766667,494.4138333
NX1461,0.108737778,0.114415556,0.129113333,0.12823,0.12258,0.130984444,0.192726667,0.226727778,0.182205556,0.212314444,0.194577778,0.172615556,0.17478,0.173358889,0.169736667,0.159224444,0.174004444,0.172864444,0.16929,0.183674444,0.154786667,0.187306667,0.184622222,0.139977778,4.591214286,4.966392857,4.1995,3.982666667,4.218,5.139612302,4.445232143,4.591214286,4.966392857,4.1995,138.4350126,136.5218986,133.6147401,140.2125671,134.688829
NX1462,0.427269603,0.423163379,0.403108674,0.379662344,0.352518404,0.376753218,0.371049929,0.43144552,0.436079369,0.543384547,0.780657698,0.497942101,0.456987275,0.411812446,0.407154937,0.40218363,0.443421837,0.463670609,0.483763327,0.502729167,0.550199583,0.569291298,0.593362637,0.525000936,10.96868304,13.08996032,10.86075,11.324,11.1855,14.02017302,10.3917619,10.79086607,13.77100298,10.8235,358.198228,361.6955065,344.7462796,360.1178409,353.2681145
NX1463,0.206,0.369,0.336,0.274,0.248,0.235,0.235,0.254,0.295,0.274,0.277,0.323,0.329,0.111,0.101,0.09,0.102,0.152,0.153,0.316,0.388,0.379,0.385,0.33,6.209379464,6.612690476,6.467,6.391,6.888,5.88439494,5.994517857,6.281839286,6.063017857,6.58,196.3601966,199.1142212,191.7873048,200.031973,192.0399494
NX1464,0.327526361,0.307036161,0.278859407,0.255210102,0.309784174,0.282360733,0.29971233,0.330031335,0.40234676,0.540999115,0.606501341,0.419454545,0.473933309,0.478102982,0.580814838,0.64776361,0.587036788,0.669350386,0.613088131,0.674512327,0.643116295,0.679997385,0.718037903,0.716885209,11.71451786,14.70431548,11.73166667,10.48121429,11.35154018,15.63391806,12.18167411,11.69163839,13.30782937,11.73166667,417.6194425,425.2759166,397.6856807,406.718304,408.5511549
NX1465,0.0285,0.0745,0.042,0.041,0.0285,0.0985,0.028,0.096,0.0285,0.042,0.029,0.042,0.079,0.0285,0.0595,0.062,0.0285,0.08,0.042,0.028,0.0765,0.042,0.029,0.042,3.256666667,32.156,92.67133333,12.971,69.57466667,31.2,31.56,1.5495,32.22825,95.091,1198.5875,1145.187333,971.7988333,1066.605,1163.3535
NX1466,6.6432,5.506715,3.884815,2.94448,2.515265,2.36153,2.393105,2.427805,2.33637,2.49014,2.314435,2.344435,2.375525,2.41394,2.47347,2.46291,3.71905,4.97173,5.199785,6.17773,5.73413,6.259355,6.59649,6.23615,109.175,113.6405,98.07033333,95.3095,104.4575,100.424,109.3856667,109.175,106.031,98.07033333,3383.150333,3385.777333,3295.5045,3354.663333,3319.886333
NX1467,0.623,0.81,0.81,0.81,0.81,0.81,0.81,0.81,0.81,0.81,0.81,0.81,0.81,0.81,0.81,0.81,0.81,0.81,0.81,0.81,0.81,0.81,0.81,0.81,17.732,22.396,21.218,11.075,15.01,27.493,28.50025,33.005,33.457,15.46266667,846.4553333,894.7636667,918.5245,905.6641667,736.0816667
NX1468,0.229,0.248,0.262,0.257,0.282,0.28,0.268,0.302,0.468,0.554,0.494,0.412,0.307,0.321,0.313,0.352,0.374,0.391,0.41,0.478,0.351,0.438,0.407,0.36,9.067767857,9.905642857,7.86825,7.45075,7.649666667,9.320057672,7.841839286,8.882633929,9.265982143,7.86825,277.9575894,266.7077181,273.3926839,280.5653057,262.4707478
NX1469,11.53144073,12.27395439,12.00192833,5.76657629,4.254260063,4.85960722,4.499489307,4.851209164,4.40664053,4.870981216,3.900461912,3.238199949,2.106770992,1.950341821,5.898060799,10.10406017,14.24898624,14.5111084,16.06290817,14.77859211,7.994627953,11.15799236,12.29558849,9.933017731,164.6145,125.9435,116.235,134.5005,120.8426667,116.15175,169.442,149.9895,109.37725,116.235,4412.532833,4341.201333,4407.811333,4301.675,4227.372833
NX1470,0.410340234,0.435269531,0.449691016,0.451348047,0.447470703,0.427317969,0.487519141,0.453240234,0.298828906,0.266309375,0.213144531,0.196361719,0.234499609,0.267594141,0.286566797,0.260774609,0.250832813,0.322805859,0.397456641,0.516921484,0.510910937,0.496420703,0.502142969,0.492075,9.663330357,9.44846875,8.622,8.026333333,8.666,8.785861111,7.355,9.663330357,9.44846875,8.3545,269.1501809,271.6063922,265.1739838,274.2571052,261.0227282
NX1471,11.96275479,10.55872227,8.22897094,5.111011892,2.994323924,2.415770134,2.370521561,1.943316237,1.770371031,2.003301944,2.011080621,1.943492029,10.50933636,11.92063639,12.03937069,12.25831932,12.34812888,12.79581199,12.54296192,12.53806129,12.34793,11.93132696,10.73596961,8.869518504,141.49275,145.4565,137.8935,133.8276667,163.545,156.816,165.2836667,132.0985,131.6683333,145.459,4762.9555,4683.595333,4525.062167,4627.210667,4531.895167
NX1472,0.674275637,0.551786423,0.445055753,0.422503918,0.373376608,0.473145455,0.430216163,0.358386993,0.457026839,0.465377033,0.60683006,0.536103845,0.58757931,0.383107424,0.460891634,0.603781879,0.595663428,0.796644449,0.915405214,1.141948223,1.007871151,0.906749785,1.041373134,0.865932286,15.015,14.24330992,11.394,11.22401339,13.66511905,19.82892354,15.98172768,14.7075,15.55908988,11.65866667,471.6383042,504.5731772,480.039486,474.4329226,485.8853946
NX1473,0.387798905,0.354541838,0.269984901,0.264142156,0.307390839,0.32376489,0.26205048,0.345586926,0.41220063,0.742114544,0.343703538,0.246909097,0.18906492,0.198877379,0.319194376,0.453885466,0.515081108,0.614190638,0.857343614,0.744236588,0.731939197,0.747929573,0.72702086,0.673919082,11.3771875,11.95525536,11.44825,9.391363095,8.944,12.30619815,12.81540179,11.72425,12.79729643,11.44825,350.6709392,356.2345492,343.2168239,357.1639495,342.1556242
NX1474,0.126200289,0.109362274,0.149722561,0.14658621,0.125561938,0.123638108,0.117083251,0.164504141,0.191792488,0.221975535,0.163097084,0.144966036,0.151932493,0.147394478,0.15437448,0.156165347,0.148239672,0.156581804,0.148999706,0.148959085,0.176130399,0.201016381,0.152996242,0.150913373,4.636339286,7.014036905,4.17,3.849285714,3.65697619,4.613383135,3.925833333,4.629504464,6.03706627,3.744,143.2475265,142.6703449,137.0048237,142.7736349,135.4867454
NX1475,0.313541396,0.246006,0.17029986,0.125047277,0.114384751,0.108494038,0.096323131,0.0895827,0.113612158,0.163258668,0.201712212,0.333132058,0.393590505,0.324039779,0.260548669,0.188844459,0.247716449,0.242194175,0.308428792,0.306474145,0.339576338,0.3735057,0.36386088,0.367920913,6.72275,6.695470238,6.316,6.875,6.594,6.820428175,6.729696429,6.759125,6.841205357,6.316,212.7787393,212.869436,204.7297403,211.0148329,209.0670775
NX1476,0.134483159,0.287140459,0.3150599,0.214930683,0.148062274,0.160313636,0.296585798,0.265112847,0.279993564,0.348728955,0.270901322,0.185250431,0.184566468,0.209797859,0.195547909,0.216878191,0.30643332,0.345142186,0.415670991,0.43908751,0.401696622,0.377308607,0.348917782,0.330845177,7.468464286,8.405008929,6.91425,6.471333333,6.121,7.06428254,7.6785,7.668428571,8.405008929,6.419333333,210.8017397,210.1597382,206.1392201,209.1657543,202.5515345
NX1477,0.748945534,0.808761775,0.599237084,0.450401366,0.711221635,0.545390964,0.709113657,0.471894652,0.673957765,0.69083637,0.451220274,0.736371756,0.624074578,0.540400267,0.649614751,0.640617847,0.37837553,0.461891055,0.525499463,0.698372424,0.705719173,0.75434351,0.577139497,0.574456036,9.980666667,28.17325,40.5415,23.73925,23.76666667,33.06433333,12.52225,10.073,40.431,40.5415,904.8656667,905.3301667,779.7053333,919.544,957.0115
NX1478,0.105,0.17,0.18,0.194,0.1885,0.1845,0.2215,0.1945,0.305,0.2985,0.2455,0.18,0.163,0.1845,0.1865,0.1925,0.1785,0.214,0.3495,0.33,0.2975,0.299,0.2195,0.1965,5.462633929,8.69476627,6.856666667,6.654422619,6.367232143,7.565670536,7.449886905,4.888066964,8.078324702,7.3335,225.5465395,219.5972919,208.9994687,217.4735302,217.7586782
NX1479,0.351579547,0.340120494,0.180676654,0.165488571,0.152781516,0.205918133,0.254457653,0.271391511,0.263291985,0.271588534,0.462786287,0.414458483,0.4718647,0.303056777,0.368499786,0.295348108,0.436308205,0.518161952,0.468101591,0.517983913,0.523845017,0.547283411,0.440699697,0.354722798,6.208214286,7.590173016,6.272,6.043,5.8485,7.26129504,5.978022321,6.208214286,7.610955952,6.272,206.5645687,205.7291073,195.7700497,202.5268122,197.1709282
NX1480,0.149645209,0.190776587,0.19437705,0.204827189,0.211744457,0.171380252,0.171389043,0.172610879,0.162300736,0.199465215,0.181535095,0.191485643,0.220060557,0.234243482,0.203141898,0.213819459,0.191985101,0.297325373,0.308960259,0.259684503,0.238508105,0.211003616,0.198481977,0.192854196,4.779946429,4.72435119,3.952,4.226821429,3.73871875,4.821295734,4.080727679,4.779946429,4.798406746,4.146,136.6838594,140.6679526,135.8437219,139.8311542,131.9424953
NX1481,0.175909102,0.256322563,0.212529629,0.227984622,0.194881618,0.183654204,0.191272572,0.146172315,0.169669002,0.198383048,0.185459554,0.159753576,0.108564474,0.184938848,0.119253546,0.134741142,0.140356466,0.132248729,0.17452842,0.19291465,0.227120936,0.268914461,0.222994104,0.283866227,5.05672619,5.626017857,4.82725,4.9455,4.357,5.920805952,4.821549107,5.041794643,5.626017857,4.859,160.6615516,158.9206966,152.9412766,160.9812038,152.7705387
NX1482,0.398362815,0.379543781,0.330358267,0.268213809,0.283809304,0.33864525,0.302785903,0.37649709,0.340272546,0.513909519,0.531519055,0.468544483,0.575718701,0.427225202,0.504080296,0.562821388,0.595429838,0.831603527,0.795798659,0.768176258,0.71795392,0.759879291,0.659331739,0.496228248,11.5487619,9.947158333,7.929666667,8.166,8.418794643,9.77158869,8.1640625,11.5487619,9.706837698,7.929666667,290.1175248,290.4603857,290.469728,290.8399472,277.7004562
NX1483,0.075443357,0.088551454,0.091176949,0.107454143,0.097551852,0.096415907,0.110677466,0.096284792,0.102529652,0.096066281,0.078317404,0.094220497,0.068719566,0.069291987,0.063584022,0.116098233,0.102425188,0.193809181,0.209419489,0.233060315,0.206318915,0.230592221,0.206317574,0.193419412,3.69053125,3.960791667,3.3745,3.669,3.1445,3.929478175,3.081,3.6465625,4.3291875,3.38475,107.7780159,109.7685337,106.0874812,111.276377,103.9247867
NX1484,0.1875,0.232,0.2035,0.1775,0.1885,0.181,0.1835,0.177,0.219,0.41,0.398,0.207,0.2165,0.2465,0.29,0.2605,0.3535,0.72,0.634,0.568,0.484,0.4945,0.455,0.3035,9.991419643,6.658049107,6,5.6085,6.201,7.192431481,8.067008929,9.556946429,6.658049107,6,233.325754,233.3193491,237.1817733,230.4097913,219.6278847
NX1485,0.074199766,0.084940098,0.078891702,0.090252824,0.078845963,0.086996257,0.078660488,0.07023295,0.076822057,0.068744987,0.08452601,0.079841584,0.084563337,0.073216736,0.076105662,0.089767978,0.074040487,0.074917004,0.101525128,0.084756687,0.084407754,0.072764739,0.085098378,0.104769006,3.352333333,13.77766667,12.62525,8.281,13.7645,12.8585,5.92825,3.3545,14.7675,12.62525,357.4045,350.9041667,304.4173333,341.2826667,344.881
NX1486,0.242284834,0.262433112,0.172401905,0.165543213,0.149171591,0.164357245,0.153384134,0.156606212,0.264981508,0.432862908,0.497101218,0.476082534,0.364774942,0.400421321,0.382194996,0.434861094,0.376770437,0.469090968,0.531091571,0.628285766,0.58511126,0.569797397,0.568290412,0.524332285,9.173049107,8.973026786,7.772333333,7.691,8.011666667,10.23481071,9.343625,9.217065476,8.973026786,7.772333333,269.7290762,272.1610696,262.8663131,271.9830155,260.8516905
NX1487,0.26905036,0.281830609,0.222502872,0.194925636,0.216718003,0.244446933,0.347723633,0.200082153,0.257618546,0.277204543,0.326880187,0.276467443,0.293102026,0.304950505,0.286812812,0.32403782,0.355574816,0.368795216,0.424219847,0.408523589,0.464188695,0.483257085,0.509573579,0.404067248,7.722386905,7.143697619,6.5915,5.439,6.701303571,8.681593452,9.01125,7.741080357,7.420273214,7.645,212.725223,210.4761665,216.9450139,216.9287635,201.3261
NX1488,0.262701809,0.248669088,0.23853451,0.225598827,0.210616499,0.256831378,0.231469557,0.311363816,0.237678781,0.152358055,0.236959845,0.207801551,0.210566714,0.161086917,0.139997929,0.182586595,0.1677645,0.152802989,0.255604655,0.297837853,0.299945056,0.284557015,0.318287969,0.267048448,6.2095,5.943236607,6.091333333,5.78925,5.665,7.392411111,6.117125,6.056333333,6.617473214,6.181,188.0130131,192.5401574,182.4372929,193.5694397,184.483826
NX1489,0.063,0.063,0.062,0.063,0.063,0.063,0.063,0.062,0.062,0.062,0.062,0.062,0.061,0.062,0.062,0.062,0.062,0.062,0.062,0.062,0.062,0.062,0.062,0.062,1.4915,2.60975,3.09775,4.1035,1.49225,1.488666667,18.4195,1.4875,2.983666667,3.634,201.1756667,141.8798333,202.401,180.4038333,163.3468333
NX1490,0.210736823,0.255822698,0.247921277,0.183665721,0.209209778,0.225808107,0.173742976,0.351246726,0.34605782,0.211206667,0.210991301,0.268576535,0.404230025,0.34166465,0.207118876,0.228778226,0.313132669,0.329711644,0.39450313,0.531240813,0.496772989,0.435993906,0.396707213,0.369165832,6.425861607,5.884415476,5.493,5.261047619,5.2605,5.905616402,5.9338125,6.23814881,5.960676786,5.23175,179.6295452,176.2735185,173.4186136,177.269775,170.3813466
NX1491,0.237566784,0.313439995,0.318522453,0.238943845,0.213533714,0.199725866,0.204559013,0.184127629,0.299415559,0.200982153,0.128033191,0.123469315,0.148305923,0.125600278,0.137895226,0.158608496,0.13853021,0.212708756,0.339879155,0.453413427,0.433158457,0.436178505,0.408389986,0.361182719,6.002830357,6.560608631,6.55475,6.226790179,4.696165179,6.784235516,6.828325893,5.938165179,5.882761905,6.55475,170.2380119,175.7225103,170.8717039,173.1865233,164.1117058
NX1492,0.369,0.353,0.343,0.314,0.16,0.151,0.148,0.15,0.142,0.16,0.215,0.266,0.334,0.348,0.35,0.363,0.387,0.335,0.34,0.374,0.374,0.379,0.359,0.39,8.375375,5.464678571,3.957666667,6.04775,4.266666667,5.526709127,7.204053571,8.4191875,5.464678571,4.276,176.8428595,176.3178433,183.9144003,181.423839,168.3012659
NX1493,0.407,0.344,0.33,0.264,0.25,0.259,0.263,0.259,0.293,0.514,0.39,0.382,0.404,0.365,0.334,0.285,0.341,0.342,0.371,0.425,0.43,0.435,0.468,0.466,11.16091518,10.82410655,9.20625,8.287809524,9.14885119,10.01735099,9.372035714,11.16091518,9.746432738,9.20625,321.5075712,318.8781339,319.0567481,316.348058,305.4152365
NX1494,0.59008193,0.484545976,0.325040549,0.358266473,0.37817052,0.416342705,0.600241899,0.425683051,0.390096188,0.364298999,0.515276074,0.541123927,0.630896091,0.571662307,0.452073187,0.458637327,0.6496858,0.693655968,0.553336382,0.618911326,0.585259199,0.65532279,0.676941037,0.572781801,11.41277679,9.095694048,7.171,7.774107143,7.977566964,7.564303075,9.387089286,11.11685119,9.17536746,7.171,266.9182485,264.305361,271.2888684,271.649662,257.2622415
NX1495,0.267,0.271,0.273,0.268,0.269,0.27,0.269,0.268,0.326,0.353,0.353,0.401,0.422,0.425,0.425,0.426,0.405,0.425,0.423,0.422,0.421,0.422,0.422,0.421,8.560666667,17.8055,7.912,7.095,11.25,8.186666667,21.939,8.637,14.498,6.8655,448.4393333,468.98,505.701,513.2856667,439.3065
NX1496,0.36826849,0.284135342,0.273338795,0.248507231,0.304430485,0.280799925,0.280471861,0.247504741,0.288845241,0.274765551,0.481635988,0.497314006,0.310302258,0.254635334,0.435508162,0.417221457,0.335836262,0.36465314,0.374647737,0.446564913,0.423111767,0.481308192,0.36695078,0.365852594,8.899517857,9.559455357,7.61825,8.11925,7.830333333,9.214740575,9.453934524,8.650508929,9.038970238,7.9135,273.1879878,275.9866875,267.3166326,276.7076432,268.0724861
NX1497,0.176595092,0.224447101,0.227888942,0.16982767,0.187485486,0.191960096,0.133146986,0.177193046,0.186036602,0.253324449,0.24538058,0.226464197,0.253242552,0.223948061,0.289410651,0.28916353,0.287404418,0.316652715,0.356887937,0.409112006,0.362117887,0.354417294,0.362694055,0.270509571,6.290955357,5.663261905,5.138,6.47975,4.9375,7.166119444,5.894232143,6.603410714,5.614196429,4.817,186.5467453,187.9938011,183.3699606,189.1663286,183.5109306
NX1498,0.399,0.28,0.244,0.351,0.325,0.248,0.23,0.227,1.691,4.736,5.709,5.594,4.713,5.595,5.171,3.177,3.231,3.792,3.101,1.93,2.213,1.933,1.915,0.349,72.37025,13.751,17.77866667,30.7645,14.79933333,13.83366667,35.717,72.37025,15.4615,16.5805,921.2983333,923.6078333,1120.62,980.089,847.842
NX1499,0.026463261,0.026595233,0.026178177,0.026592273,0.026962493,0.026527265,0.026889954,0.026611988,0.026428521,0.026637504,0.026974978,0.02675725,0.027123019,0.02644744,0.027128005,0.02748147,0.027046997,0.026917655,0.027277373,0.027035359,0.026611222,0.027351778,0.026996817,0.027220786,0.6975,14.485,9.787,5.38075,11.189,11.38575,0.6755,0.683,12.4085,9.787,284.5126667,279.654,215.1173333,257.3218333,261.7653333
NX1500,0.216815038,0.245948455,0.24686828,0.301942258,0.261943665,0.262924187,0.381139215,0.392182166,0.336381449,0.291152088,0.265448261,0.254150733,0.242362172,0.307987986,0.291092751,0.291815925,0.291616295,0.360455827,0.440047115,0.427024916,0.410015411,0.403046313,0.419105024,0.308459251,9.200651786,10.9979877,9.159,7.795,8.468,9.622677579,8.797488095,9.456303571,11.03824077,9.159,277.9024765,278.6942913,276.4967388,279.6207796,275.2713499
